TradeDate,BaseRate,OpenRate,CloseRate,HighRate,LowRate,MarketValue
07/05/2026,312.96,312.96,312.94,313.28,312.69,
06/05/2026,312.92,312.92,312.96,313.3,312.87,74141606
05/05/2026,312.84,312.7,312.92,313.19,312.58,74131662
04/05/2026,312.62,312.56,312.84,313.08,312.56,74111774
01/05/2026,312.41,312.35,312.62,312.62,312.35,74058465
30/04/2026,312.05,311.9,312.41,312.51,311.9,74008416
29/04/2026,311.79,311.61,312.05,312.06,311.59,73076594
28/04/2026,311.82,311.83,311.79,312.1,311.69,70363263
27/04/2026,311.52,311.42,311.82,312.08,310.41,70370362
24/04/2026,311.33,311.27,311.52,311.55,311.27,70303198
23/04/2026,311.09,311.06,311.33,311.39,310.94,70260832
20/04/2026,311.13,311.1,311.09,311.31,310.2,70206427
17/04/2026,310.8,310.8,311.13,311.34,310.8,70216176
16/04/2026,310.55,310.28,310.8,310.98,310.27,70139623
15/04/2026,310.47,310.28,310.55,310.81,310.11,70084499
14/04/2026,310.19,310.17,310.47,310.54,310.1,70066440
13/04/2026,309.92,309.46,310.19,310.36,309.46,70003005
10/04/2026,309.88,309.9,309.92,310.08,309.88,69942221
09/04/2026,309.61,309.54,309.88,310.04,309.54,69933192
06/04/2026,309.42,309.4,309.61,309.77,309.19,69872407
03/04/2026,308.91,309.0,309.42,309.56,309.0,69828471
31/03/2026,308.84,308.99,308.91,309.23,308.88,69714361
30/03/2026,308.91,308.84,308.84,309.09,308.62,69697513
27/03/2026,309.3,309.24,308.91,309.26,308.79,69714132
26/03/2026,309.48,309.35,309.3,309.5,309.15,69801285
25/03/2026,309.55,309.16,309.48,309.76,309.16,69843291
24/03/2026,309.75,309.75,309.55,309.88,309.37,69858340
23/03/2026,309.95,309.68,309.75,310.16,309.49,69902996
20/03/2026,310.11,309.99,309.95,310.23,309.9,69948372
19/03/2026,310.2,310.19,310.11,310.29,309.98,69985569
18/03/2026,310.19,309.84,310.2,310.5,309.84,70006147
17/03/2026,310.12,310.04,310.19,310.51,309.97,70003497
16/03/2026,309.83,309.94,310.12,310.28,309.94,69987008
13/03/2026,310.08,310.01,309.83,310.16,309.83,69922494
12/03/2026,310.07,309.86,310.08,310.17,309.85,69977259
11/03/2026,310.19,310.02,310.07,310.31,309.86,69976540
10/03/2026,310.45,310.31,310.19,310.77,309.39,70003988
09/03/2026,310.09,310.11,310.45,311.07,310.11,70060683
06/03/2026,309.91,309.91,310.09,310.28,309.89,69981480
05/03/2026,309.94,309.83,309.91,310.11,309.83,69939114
04/03/2026,309.77,309.63,309.94,310.14,309.62,69945493
02/03/2026,309.38,309.38,309.77,310.28,309.38,69907577
27/02/2026,309.59,309.49,309.38,309.86,309.38,69820424
26/02/2026,309.86,309.76,309.59,309.85,309.59,69868449
25/02/2026,310.01,309.77,309.86,310.03,309.77,69929234
24/02/2026,310.12,310.18,310.01,310.2,309.86,69961491
23/02/2026,310.16,310.08,310.12,310.28,309.92,69987008
20/02/2026,310.16,310.05,310.16,310.44,310.05,69996038
19/02/2026,310.28,310.08,310.16,310.3,310.07,69995678
18/02/2026,310.59,310.35,310.28,310.63,310.22,70023846
17/02/2026,310.61,310.55,310.59,310.7,310.52,70092940
16/02/2026,310.73,310.41,310.61,310.77,310.38,70098600
13/02/2026,310.58,310.47,310.73,310.86,310.47,70125557
12/02/2026,310.51,310.3,310.58,310.64,310.3,70090290
11/02/2026,310.58,310.42,310.51,310.64,310.24,70074881
10/02/2026,310.66,310.63,310.58,310.8,310.45,70089930
09/02/2026,310.75,310.64,310.66,310.76,310.48,70109428
06/02/2026,310.65,310.23,310.75,310.83,310.23,70129646
05/02/2026,310.57,310.54,310.65,310.72,310.31,70107138
04/02/2026,310.31,310.25,310.57,310.66,310.15,70088000
03/02/2026,309.98,309.93,310.31,310.31,309.93,70030585
02/02/2026,309.93,309.83,309.98,310.36,309.83,69955111
30/01/2026,309.88,309.58,309.93,310.05,309.58,69943563
29/01/2026,309.52,309.41,309.88,309.88,309.32,69932244
28/01/2026,309.48,309.43,309.52,309.65,309.43,69851961
27/01/2026,309.33,309.38,309.48,309.6,309.3,69842572
26/01/2026,309.07,309.37,309.33,309.45,309.1,69808025
23/01/2026,309.09,308.97,309.07,309.16,308.97,69750610
22/01/2026,309.18,309.05,309.09,309.52,309.02,69754339
21/01/2026,308.91,308.71,309.18,309.18,308.71,69774557
20/01/2026,308.95,308.65,308.91,309.15,308.65,69714492
19/01/2026,309.08,308.64,308.95,309.03,308.46,69723522
16/01/2026,308.93,308.93,309.08,309.21,308.93,69753260
15/01/2026,308.75,308.67,308.93,309.02,308.67,69718713
14/01/2026,308.86,308.86,308.75,309.06,308.69,69677427
13/01/2026,308.82,308.82,308.86,308.93,308.23,69702944
12/01/2026,308.89,308.73,308.82,309,308.69,69693195
09/01/2026,308.9,309.02,308.89,309.09,308.84,69709324
08/01/2026,308.91,308.76,308.9,309.02,308.6,69712333
07/01/2026,308.7,308.7,308.91,308.98,308.49,69714983
06/01/2026,308.74,308.65,308.7,308.87,308.53,69665878
05/01/2026,308.43,308.34,308.74,309.06,308.11,69675627
01/01/2026,308.49,308.51,308.43,308.51,307.45,69606173
31/12/2025,308.47,308.14,308.49,308.53,308.14,69618932
30/12/2025,308.36,308.36,308.47,308.5,308.36,69615563
29/12/2025,308.25,308.25,308.36,308.44,308.15,69590405
28/12/2025,307.92,307.95,308.25,308.25,307.79,69564168
25/12/2025,307.94,309.02,307.92,309.02,307.7,69491704
24/12/2025,307.85,307.79,307.94,308.01,307.79,69494714
23/12/2025,307.5,307.32,307.85,307.85,307.32,69473645
22/12/2025,307.52,307.6,307.5,307.61,307.45,69396732
21/12/2025,307.47,307.3,307.52,307.66,307.17,69399382
18/12/2025,307.45,307.18,307.47,307.56,307.18,69389993
17/12/2025,307.42,307.41,307.45,307.65,307.41,69384693
16/12/2025,307.25,307.2,307.42,307.48,307.2,69378313
15/12/2025,307.2,307.2,307.25,307.47,307.04,69338106
14/12/2025,307.06,307.26,307.2,307.26,306.65,69327998
11/12/2025,306.91,306.9,307.06,307.53,306.84,69296101
10/12/2025,306.99,306.93,306.91,307.16,306.84,69262993
09/12/2025,306.99,307.05,306.99,307.23,306.92,69279481
08/12/2025,307,306.39,306.99,307.04,306.39,69281052
07/12/2025,307.05,307.07,307,307.12,306.9,69283702
04/12/2025,307.17,307.17,307.05,307.3,307.02,69293451
03/12/2025,307.03,306.78,307.17,307.24,306.78,69321618
02/12/2025,307.25,307.25,307.03,307.25,307,69290441
01/12/2025,307.5,307.51,307.25,307.51,307.24,69338106
30/11/2025,307.38,307.35,307.5,307.62,307.32,69395161
27/11/2025,307.43,307.42,307.38,307.52,307.37,69369284
26/11/2025,307.52,307.05,307.43,307.66,307.05,69379393
25/11/2025,307.5,307.56,307.52,307.62,307.34,69398891
24/11/2025,307.47,307.58,307.5,307.6,307.24,69396241
23/11/2025,307.37,307.37,307.47,307.56,307.16,69389502
20/11/2025,307.4,307.31,307.37,307.43,307.29,69366994
19/11/2025,307.36,307.04,307.4,307.46,307.02,69373013
18/11/2025,307.5,307.4,307.36,307.64,307.09,69362905
17/11/2025,307.53,307.49,307.5,307.65,307.49,69396732
16/11/2025,307.21,307.21,307.53,307.61,307.21,69403471
13/11/2025,307.28,307.21,307.21,307.36,307.1,69329928
12/11/2025,307.1,306.95,307.28,307.35,306.95,69157429
11/11/2025,307.1,306.93,307.1,307.23,306.93,68551737
10/11/2025,307.2,307.14,307.1,307.36,307.01,68551737
09/11/2025,307.26,307.2,307.2,307.45,307.16,68573192
06/11/2025,307.35,307.33,307.26,307.47,307.21,68585391
05/11/2025,307.7,307.48,307.35,307.76,307.35,68605609
04/11/2025,307.89,307.89,307.7,308.03,307.61,68684305
03/11/2025,307.99,308,307.89,308.25,307.8,68726788
02/11/2025,307.66,307.66,307.99,308.05,307.66,68749096
30/10/2025,307.97,307.63,307.66,308,306.67,68675049
29/10/2025,307.93,308.04,307.97,308.11,307.31,68744873
28/10/2025,307.98,308.04,307.93,308.05,307.9,68735617
27/10/2025,307.91,307.76,307.98,308.12,307.76,68747390
26/10/2025,307.91,307.79,307.91,308.01,307.79,68732248
23/10/2025,307.8,307.8,307.91,307.96,307.79,68732248
22/10/2025,307.7,307.46,307.8,307.9,307.46,68706570
21/10/2025,307.57,307.07,307.7,307.8,307.04,68683836
20/10/2025,307.46,307.55,307.57,307.57,307.22,68656068
19/10/2025,307.84,307.76,307.46,307.91,307.35,68629964
16/10/2025,307.9,307.46,307.84,307.98,307.16,69108792
15/10/2025,307.53,307.31,307.9,307.99,307.26,69122697
12/10/2025,307.27,307.27,307.53,307.67,307.27,69041484
09/10/2025,307.11,307.11,307.27,307.7,307.11,68981300
08/10/2025,307.2,306.94,307.11,307.45,306.94,68946793
05/10/2025,306.71,306.71,307.2,307.63,306.71,68966584
30/09/2025,306.76,306.73,306.71,307.27,306.64,68857178
29/09/2025,306.61,306.66,306.76,307.03,306.66,68869803
28/09/2025,306.17,306.25,306.61,306.63,306.11,68836576
25/09/2025,305.76,305.75,306.17,306.33,305.75,68737278
21/09/2025,305.43,305.22,305.76,305.81,305.22,68645957
18/09/2025,305.22,305.38,305.43,305.47,305.14,68571484
17/09/2025,305.12,305.12,305.22,305.34,305.03,67952584
16/09/2025,304.34,303.8,305.12,305.12,303.78,66056672
15/09/2025,304.58,304.58,304.34,304.82,304.31,65889367
14/09/2025,304.66,304.82,304.58,304.88,304.55,65940564
11/09/2025,304.58,304.58,304.66,304.79,304.47,65958805
10/09/2025,304.33,303.92,304.58,304.62,303.16,65940564
09/09/2025,304.44,304.41,304.33,304.51,304.23,65886229
08/09/2025,304.05,304.05,304.44,304.5,304.04,65910551
07/09/2025,303.92,303.92,304.05,304.44,303.92,65825621
04/09/2025,303.82,303.65,303.92,304.12,303.65,65798356
03/09/2025,303.66,303.57,303.82,303.85,303.57,65777172
02/09/2025,303.84,303.74,303.66,303.85,303.11,65740885
01/09/2025,303.89,303.76,303.84,304.26,303.68,65780309
31/08/2025,304.02,304.07,303.89,304.16,303.82,65792470
28/08/2025,303.98,303.98,304.02,304.31,303.98,65819346
27/08/2025,304.1,304.03,303.98,304.19,303.92,65810129
26/08/2025,304.29,304.34,304.1,304.39,304.02,65837587
25/08/2025,304.07,304.36,304.29,304.4,304.22,65877400
24/08/2025,303.63,303.63,304.07,304.13,303.63,65829340
21/08/2025,303.43,303.13,303.63,303.75,303.13,65734998
20/08/2025,303.4,303.4,303.43,303.49,303.25,65692242
19/08/2025,303.43,303.43,303.4,303.46,303.25,65686162
18/08/2025,303.42,303.44,303.43,303.56,303.27,65692048
17/08/2025,303.23,303.26,303.42,303.84,303.26,65688911
14/08/2025,303.32,302.95,303.23,303.47,302.95,65648710
13/08/2025,302.95,303.03,303.32,303.34,302.99,65668697
12/08/2025,302.92,302.78,302.95,303.2,302.78,65588295
11/08/2025,302.74,302.43,302.92,303.01,302.43,65581633
10/08/2025,302.49,302.54,302.74,302.78,302.22,65543372
07/08/2025,302.38,302.39,302.49,302.63,302.28,65488067
06/08/2025,302.25,302.24,302.38,302.41,302.04,65463746
05/08/2025,302.24,302.21,302.25,302.39,301.97,65436870
04/08/2025,301.93,302.15,302.24,302.83,302.11,65433927
31/07/2025,302.05,301.89,301.93,302.26,301.82,65366655
30/07/2025,301.75,301.75,302.05,302.32,301.75,65394114
29/07/2025,301.86,302,301.75,302,301.72,65327231
28/07/2025,302,302,301.86,302.24,301.71,65351940
27/07/2025,302.15,302.06,302,302.27,301.97,65381953
24/07/2025,302.12,302.06,302.15,302.22,302.06,65415492
23/07/2025,301.96,301.96,302.12,302.21,301.96,65409217
22/07/2025,302.1,302.1,301.96,302.17,301.85,65372736
21/07/2025,302,302.21,302.1,302.54,302.01,65403331
20/07/2025,301.52,301.6,302,302,301.6,65382341
17/07/2025,301.44,301.36,301.52,301.69,301.32,65279170
16/07/2025,300.74,301.27,301.44,301.56,300.96,65260929
15/07/2025,300.78,300.87,300.74,301,300.72,65108534
14/07/2025,300.82,300.68,300.78,300.95,300.61,65117946
13/07/2025,301,301.16,300.82,301.16,300.69,65126581
10/07/2025,300.88,300.82,301,301.08,300.82,65165812
09/07/2025,300.23,300.18,300.88,300.88,300.18,65139130
08/07/2025,300.09,300.22,300.23,300.57,299.77,64999283
07/07/2025,300.56,300.34,300.09,300.68,300.09,64968299
06/07/2025,300.43,300.09,300.56,300.86,300.09,65071470
03/07/2025,300.26,300.38,300.43,300.89,300.33,65041651
02/07/2025,300.32,300.32,300.26,300.47,300.18,65005557
01/07/2025,300.37,300.37,300.32,300.71,300.32,65017524
30/06/2025,300.36,300.41,300.37,300.78,300.3,65029684
29/06/2025,300.35,300.39,300.36,300.71,300.28,65026935
26/06/2025,300.07,300.03,300.35,300.45,300.01,65024574
25/06/2025,299.76,299.85,300.07,300.21,299.85,93047099
24/06/2025,299.27,299.3,299.76,299.88,299.3,92949483
23/06/2025,299.09,299.33,299.27,299.36,299.13,92793575
22/06/2025,298.59,298.56,299.09,299.16,298.56,92740671
19/06/2025,298.48,298.46,298.59,298.67,298.44,92581682
18/06/2025,298.22,298.24,298.48,298.48,298.2,92547111
17/06/2025,298.36,298.41,298.22,298.45,298.19,92467644
16/06/2025,298.17,297.7,298.36,298.39,297.46,92510223
15/06/2025,297.98,298,298.17,298.17,297.47,92450214
12/06/2025,297.93,297.84,297.98,298.02,297.67,92388961
11/06/2025,297.96,297.92,297.93,298.2,297.84,92374559
10/06/2025,297.93,297.97,297.96,298.18,297.84,92384209
09/06/2025,298.02,297.7,297.93,298.12,297.69,92376006
08/06/2025,298.19,297.93,298.02,298.19,297.93,92405005
05/06/2025,298.26,298.36,298.19,298.55,298.16,92455889
04/06/2025,298.25,298.27,298.26,298.6,298.22,92478180
03/06/2025,298.35,298.33,298.25,298.66,298.18,92474730
29/05/2025,298.41,298.42,298.35,298.61,298.2,92507161
28/05/2025,298.42,298.37,298.41,298.57,298.37,92526434
27/05/2025,298.35,298.41,298.42,298.54,298.24,92529885
26/05/2025,298.21,298.36,298.35,298.38,298.26,92505564
25/05/2025,298.02,298.08,298.21,298.31,298.07,92464405
22/05/2025,298.22,297.92,298.02,298.28,297.92,92404868
21/05/2025,298.19,298.06,298.22,298.25,297.94,92465163
20/05/2025,298.33,298.2,298.19,298.43,298.13,92458346
19/05/2025,298.35,298.24,298.33,298.58,298.12,92505670
18/05/2025,297.02,297.86,298.35,298.38,297.86,92901447
15/05/2025,297.06,297.02,297.02,297.18,296.97,92487515
14/05/2025,297.15,297.12,297.06,297.33,297.06,92012869
13/05/2025,297.06,297.01,297.15,297.25,296.89,90394721
12/05/2025,297.26,297.14,297.06,297.38,297.01,90364978
11/05/2025,297.27,297.19,297.26,297.51,297.19,90426935
08/05/2025,297.28,297.53,297.27,297.6,297.27,90428263
07/05/2025,297.3,296.88,297.28,297.54,296.88,90433134
06/05/2025,297.61,297.44,297.3,297.82,297.27,90437692
05/05/2025,297.81,297.76,297.61,297.94,297.53,90532843
04/05/2025,298.06,297.66,297.81,297.96,297.66,90594156
29/04/2025,297.87,298.09,298.06,298.12,297.79,90559153
28/04/2025,297.72,297.89,297.87,297.93,297.74,89988504
27/04/2025,297.27,297.39,297.72,297.76,297.39,89941874
24/04/2025,297,296.92,297.27,297.35,296.92,89807509
23/04/2025,296.79,296.73,297,297.23,296.7,89605728
22/04/2025,296.21,296.31,296.79,296.88,296.15,89082858
21/04/2025,296.33,296.27,296.21,296.51,296.16,88908909
20/04/2025,296.35,296.32,296.33,296.54,296.17,88944246
17/04/2025,296.28,296.54,296.35,296.63,296.22,88950285
16/04/2025,295.46,295.68,296.28,296.34,295.59,88928990
15/04/2025,294.7,294.7,295.46,295.48,294.7,88682458
14/04/2025,294.39,294.48,294.7,294.82,294.43,88456296
10/04/2025,294.32,294.41,294.39,295.1,294.28,88364216
09/04/2025,294.74,294.61,294.32,294.61,293.86,88341726
08/04/2025,294.99,294.92,294.74,295.34,294.74,88467647
07/04/2025,295.72,295.87,294.99,295.95,294.91,88542264
06/04/2025,295.86,295.86,295.72,296.11,295.63,88760195
03/04/2025,295.69,295.76,295.86,296.19,295.65,88802738
02/04/2025,295.78,295.78,295.69,295.95,295.63,88751449
01/04/2025,295.77,295.66,295.78,296.06,295.58,88646356
31/03/2025,295.75,295.61,295.77,296.03,295.61,88184923
30/03/2025,295.69,295.69,295.75,295.99,295.63,88177616
27/03/2025,296.02,295.89,295.69,296.01,295.69,88159746
26/03/2025,296.26,296.2,296.02,296.42,295.96,88259834
25/03/2025,296.28,296.24,296.26,296.33,296.15,88267629
24/03/2025,296.64,296.68,296.28,296.78,296.18,87814207
23/03/2025,297.01,296.8,296.64,297,296.58,87921958
20/03/2025,296.85,296.19,297.01,297.27,296.19,88027253
19/03/2025,296.74,296.86,296.85,296.93,296.77,87980805
18/03/2025,296.62,296.57,296.74,296.82,296.51,87948749
17/03/2025,296.66,297.65,296.62,298.49,296.6,87451757
16/03/2025,296.98,296.85,296.66,296.9,296.58,87463416
13/03/2025,297.02,297.11,296.98,297.29,296.9,87558648
12/03/2025,297.11,297.12,297.02,297.18,296.91,87321283
11/03/2025,297.09,297.01,297.11,297.2,296.98,86216211
10/03/2025,297.32,297.5,297.09,297.56,297.02,86210597
09/03/2025,297.27,297.38,297.32,297.53,297.27,86277652
06/03/2025,297.22,297.09,297.27,297.4,296.98,86263674
05/03/2025,297.35,297.35,297.22,297.43,297.19,86248564
04/03/2025,297.33,297.32,297.35,297.59,297.32,86182704
03/03/2025,297.26,297.28,297.33,297.46,297.2,85715833
02/03/2025,297.07,297.19,297.26,297.51,296.71,85695947
27/02/2025,297.11,297,297.07,297.27,296.84,85640204
26/02/2025,297.12,297.05,297.11,297.27,296.49,85650827
25/02/2025,297.14,297.26,297.12,297.39,297.11,85538611
24/02/2025,297.31,297.15,297.14,297.28,297.09,85084049
23/02/2025,297.05,297.09,297.31,297.41,297.09,85133842
20/02/2025,296.96,296.96,297.05,297.22,296.6,85056384
19/02/2025,296.97,296.83,296.96,297.04,296.83,85031491
18/02/2025,297.02,296.92,296.97,297.33,296.87,84931903
17/02/2025,296.6,296.63,297.02,297.2,296.45,84432616
16/02/2025,296.43,296.45,296.6,296.91,296.45,84313029
13/02/2025,296.42,296.3,296.43,296.66,296.27,84264800
12/02/2025,296.62,296.67,296.42,296.75,296.32,84083638
11/02/2025,296.44,296.24,296.62,296.65,296.14,83327942
10/02/2025,295.89,295.87,296.44,296.5,295.7,83278436
09/02/2025,296.04,295.93,295.89,296.01,295.82,83123601
06/02/2025,296.09,296.08,296.04,296.29,295.95,83166269
05/02/2025,295.58,295.64,296.09,296.36,295.61,83178563
04/02/2025,295.51,295.49,295.58,295.61,295.36,83034859
03/02/2025,295.47,295.67,295.51,295.67,295.37,82556462
02/02/2025,295.61,295.59,295.47,295.61,295.29,82545865
30/01/2025,295.66,295.66,295.61,295.89,295.52,82586351
29/01/2025,295.61,295.6,295.66,295.87,295.52,82600466
28/01/2025,295.49,295.56,295.61,295.7,295.32,82585561
27/01/2025,295.75,296,295.49,296,295.45,82043774
26/01/2025,295.62,295.6,295.75,295.82,295.52,82114786
23/01/2025,295.75,295.67,295.62,295.74,295.6,82079130
22/01/2025,295.49,295.32,295.75,295.89,295.32,82114195
21/01/2025,295.38,295.45,295.49,295.52,295.32,81901657
20/01/2025,295.74,295.55,295.38,295.64,295.2,81362241
19/01/2025,295.76,295.65,295.74,295.87,295.55,81462413
16/01/2025,296.03,295.85,295.76,295.89,295.49,81466928
15/01/2025,295.65,295.6,296.03,296.03,295.53,81540936
14/01/2025,295.79,295.71,295.65,295.96,295.61,81436022
13/01/2025,295.57,295.27,295.79,295.84,295.27,81475817
12/01/2025,295.14,295.13,295.57,295.67,294.85,81415654
09/01/2025,295.02,294.84,295.14,295.18,294.84,81295842
08/01/2025,295.24,295.08,295.02,295.29,294.91,81262641
07/01/2025,295.53,295.43,295.24,295.61,295.24,81146197
06/01/2025,295.44,295.42,295.53,295.53,295.29,80715064
05/01/2025,295.46,295.27,295.44,295.49,295.27,80690845
02/01/2025,295.52,295.52,295.46,295.61,295.32,80698052
01/01/2025,295.45,295.25,295.52,295.6,295.23,80712947
31/12/2024,295.32,295.27,295.45,295.63,295.26,80693925
30/12/2024,295.16,295.16,295.32,295.4,295.1,80659642
29/12/2024,295.1,295.03,295.16,295.26,294.89,80614486
26/12/2024,295.16,294.82,295.1,295.34,294.82,80596087
25/12/2024,295.19,295.15,295.16,295.56,294.86,80613016
24/12/2024,295.12,295.17,295.19,295.26,295.04,80621932
23/12/2024,295.11,295.31,295.12,295.31,295.04,80602452
22/12/2024,294.94,294.91,295.11,295.21,294.88,80600222
19/12/2024,295.16,294.86,294.94,295.01,294.76,80555984
18/12/2024,295.34,295.2,295.16,295.54,295.16,80615511
17/12/2024,295.62,295.48,295.34,295.53,295.2,80664100
16/12/2024,296.07,295.98,295.62,296.17,295.58,80230093
15/12/2024,296.34,296.05,296.07,296.27,295.82,80352173
12/12/2024,296.11,296.07,296.34,296.49,295.76,80426877
11/12/2024,295.64,295.44,296.11,296.11,295.44,80365160
10/12/2024,295.66,295.56,295.64,295.74,295.3,80237581
09/12/2024,294.96,294.93,295.66,295.66,294.86,80241150
08/12/2024,294.78,294.78,294.96,295.07,294.74,80052242
05/12/2024,294.42,294.34,294.78,294.78,294.33,80003079
04/12/2024,294.49,294.45,294.42,294.66,294.29,79905140
03/12/2024,294.48,294.43,294.49,294.69,294.26,79922680
02/12/2024,294.84,294.66,294.48,294.91,294.32,79412154
01/12/2024,294.78,294.61,294.84,295.06,294.61,79510179
28/11/2024,294.62,294.62,294.78,294.78,294.36,79494864
27/11/2024,294.52,294.56,294.62,294.85,294.55,79452580
26/11/2024,294.79,294.9,294.52,294.96,294.52,79424664
25/11/2024,294.61,294.88,294.79,295.07,294.7,79090875
24/11/2024,294.15,294.11,294.61,294.73,294.11,79040482
21/11/2024,294.08,294.08,294.15,294.46,294.04,78915671
20/11/2024,293.88,294.02,294.08,294.16,293.67,78897172
19/11/2024,293.67,293.71,293.88,294.21,293.05,78704905
18/11/2024,293.44,293.53,293.67,293.72,293.34,78244058
17/11/2024,293.49,293.7,293.44,293.92,293.44,78182112
14/11/2024,293.32,293.07,293.49,293.68,293.06,78194297
13/11/2024,293.32,292.82,293.32,293.45,292.82,78055693
12/11/2024,292.91,292.8,293.32,293.36,292.74,77730787
11/11/2024,292.91,293.02,292.91,293.22,292.82,77622988
10/11/2024,292.49,292.54,292.91,293.11,292.49,77623082
07/11/2024,291.84,291.94,292.49,292.64,291.94,77510111
06/11/2024,291.81,291.68,291.84,292.15,291.49,77336938
05/11/2024,292.01,291.97,291.81,292.07,291.55,77328939
04/11/2024,292.12,292.09,292.01,292.24,291.94,76980488
03/11/2024,292.6,292.51,292.12,292.51,292.07,77008209
31/10/2024,293.1,293,292.6,293.02,292.4,77137212
30/10/2024,292.69,292.69,293.1,293.25,292.69,77230011
29/10/2024,292.64,292.77,292.69,292.95,292.63,76885182
28/10/2024,292.93,292.8,292.64,293.16,292.47,76315381
27/10/2024,293.07,293.07,292.93,293.65,292.9,76391231
22/10/2024,293.4,293.21,293.07,293.28,292.88,76426693
21/10/2024,293.77,293.5,293.4,293.91,293.26,76514546
20/10/2024,293.15,293.45,293.77,293.89,293.02,76613372
15/10/2024,293.05,293.14,293.15,293.47,292.96,76445195
14/10/2024,293.38,293.52,293.05,293.62,293.03,76108505
13/10/2024,293.42,293.81,293.38,293.81,293.31,76194122
10/10/2024,293.68,293.57,293.42,293.97,293.31,76205266
09/10/2024,293.53,293.53,293.68,294.09,293.45,76274455
08/10/2024,293.56,293.59,293.53,293.85,293.41,76235281
07/10/2024,294.11,294.06,293.56,294.44,293.56,76241973
06/10/2024,294.6,294.68,294.11,294.68,294.06,76387296
01/10/2024,294.49,294.49,294.6,294.84,294.44,76343860
30/09/2024,294.4,294.35,294.49,294.93,294.29,75750474
29/09/2024,294.4,294.39,294.4,295.08,294.28,75728104
26/09/2024,293.09,293.3,294.4,294.41,293.27,75727377
25/09/2024,292.39,292.49,293.09,293.3,292.47,75386598
24/09/2024,292.18,292.26,292.39,292.66,291.96,75201371
23/09/2024,292.97,292.94,292.18,293.3,292.18,75147785
22/09/2024,293.46,293.66,292.97,293.66,292.97,75352616
19/09/2024,294.06,293.98,293.46,294.41,293.42,75480217
18/09/2024,293.98,293.94,294.06,294.38,293.93,75635423
17/09/2024,293.88,294.53,293.98,294.6,293.57,75427324
16/09/2024,292.35,293.27,293.88,293.92,293.25,74843760
15/09/2024,292.37,292.47,292.35,292.54,292.25,74452520
12/09/2024,292.1,292.23,292.37,292.47,292.07,74459355
11/09/2024,291.93,291.81,292.1,292.27,291.81,73793253
10/09/2024,291.68,291.63,291.93,292.03,291.58,71763304
09/09/2024,292.14,292.05,291.68,292.15,291.65,71703044
08/09/2024,292.02,292.07,292.14,292.51,291.92,71815216
05/09/2024,291.88,291.95,292.02,292.3,291.87,71787356
04/09/2024,292.1,292.1,291.88,292.26,291.81,71751969
03/09/2024,292.07,291.74,292.1,292.31,291.74,71688165
02/09/2024,292.2,292.49,292.07,292.49,291.96,71123433
01/09/2024,292.31,292.4,292.2,292.82,292.14,71152947
29/08/2024,292.46,292.1,292.31,292.48,292.1,71181220
28/08/2024,292.21,292.4,292.46,292.66,292.2,71218106
27/08/2024,292.27,292.32,292.21,292.43,292.2,93647587
26/08/2024,292.05,292.23,292.27,292.38,292.21,93664882
25/08/2024,291.95,291.79,292.05,292.21,291.79,93594272
22/08/2024,292.01,291.9,291.95,292.34,291.9,93561092
21/08/2024,292.15,292.09,292.01,292.33,291.66,93580767
20/08/2024,291.87,291.86,292.15,292.26,291.86,93628457
19/08/2024,291.79,291.78,291.87,292.2,291.67,93536244
18/08/2024,290.49,290.59,291.79,291.84,290.59,93509569
15/08/2024,290.89,290.93,290.49,291.13,290.32,93095254
14/08/2024,290.8,291.08,290.89,291.41,290.82,93221644
12/08/2024,291.42,291.49,290.8,291.49,290.66,92686759
11/08/2024,290.81,290.83,291.42,291.42,290.82,92887875
08/08/2024,290.88,290.92,290.81,291.31,290.81,92692293
07/08/2024,290.85,290.92,290.88,291.15,290.64,92713914
06/08/2024,290.98,290.87,290.85,291.06,290.67,92702746
05/08/2024,290.5,290.51,290.98,291.56,290.51,92189299
04/08/2024,289.53,289.53,290.5,290.5,289.53,92034767
01/08/2024,289.43,289.25,289.53,290.38,289.25,91724068
31/07/2024,289.4,289.4,289.43,289.64,289.24,91692951
30/07/2024,289.34,289.37,289.4,289.76,289.36,91609779
29/07/2024,289.4,289.49,289.34,289.9,289.04,91087378
28/07/2024,290.01,289.92,289.4,289.92,289.21,91108186
25/07/2024,290.06,289.95,290.01,290.32,289.89,91304928
24/07/2024,290.17,290.11,290.06,290.74,289.98,91321772
23/07/2024,289.82,289.79,290.17,290.45,289.58,91358196
22/07/2024,289.61,289.76,289.82,290.11,289.74,91242049
21/07/2024,290.18,289.73,289.61,290.15,289.31,91175715
18/07/2024,290.33,290.35,290.18,290.57,290.13,91359118
17/07/2024,289.75,289.68,290.33,290.56,289.68,91430381
16/07/2024,288.31,288.35,289.75,289.81,288.35,91092668
15/07/2024,287.75,287.82,288.31,288.47,287.71,90182899
14/07/2024,287.69,287.65,287.75,287.97,287.54,90006538
11/07/2024,287.4,287.45,287.69,288.08,287.37,89988967
10/07/2024,287.27,287.58,287.4,287.62,287.4,89786524
09/07/2024,286.86,286.84,287.27,287.31,286.51,89323113
08/07/2024,287.34,287.28,286.86,287.41,286.67,88697500
07/07/2024,286.88,286.99,287.34,287.76,286.99,88845600
04/07/2024,286.87,286.87,286.88,287.5,286.86,88702259
03/07/2024,286.93,286.84,286.87,287.35,286.65,88699748
02/07/2024,287.16,287.1,286.93,287.31,286.75,88720063
01/07/2024,287.53,287.46,287.16,287.91,287.05,88241919
30/06/2024,287.55,287.54,287.53,287.76,287.35,88356475
27/06/2024,287.82,287.66,287.55,287.85,287.55,88364596
26/06/2024,288.1,287.94,287.82,288.19,287.71,62885095
25/06/2024,288.74,288.1,288.1,288.22,287.88,62947324
24/06/2024,288.02,288.13,288.74,288.74,287.75,63080558
23/06/2024,288.05,287.8,288.02,288.23,287.8,62929233
20/06/2024,288.32,288.3,288.05,288.66,287.9,62935004
19/06/2024,287.94,288,288.32,288.33,287.98,62995202
18/06/2024,287.66,287.7,287.94,288.04,287.66,62816127
17/06/2024,287.75,287.62,287.66,287.93,287.6,62251766
16/06/2024,287.96,287.63,287.75,288.17,287.55,62269988
13/06/2024,288.14,288.14,287.96,288.6,287.91,62313878
10/06/2024,288.34,288.32,288.14,288.61,288.11,61904075
09/06/2024,288.09,287.97,288.34,288.34,287.94,61945848
06/06/2024,288.13,288.09,288.09,288.37,288.03,61895978
05/06/2024,287.93,287.91,288.13,288.13,287.89,61903924
04/06/2024,288.15,288.01,287.93,288.17,287.79,61860622
03/06/2024,288.39,288.58,288.15,288.89,287.7,61355847
02/06/2024,288.42,288.45,288.39,289.01,288.36,61407039
30/05/2024,288.69,288.91,288.42,288.98,288.39,61414123
29/05/2024,289.33,289.05,288.69,289.38,288.69,61472756
28/05/2024,289.29,289.46,289.33,289.78,289.22,61104160
27/05/2024,289.3,289.56,289.29,289.73,289.26,61096527
26/05/2024,289.4,289.31,289.3,289.64,289.2,61099750
23/05/2024,289.39,289.35,289.4,289.63,289.35,61120886
22/05/2024,289.49,289.47,289.39,289.62,289.27,61119876
21/05/2024,289.23,289.23,289.49,289.63,289.21,61029666
20/05/2024,288.94,289.15,289.23,289.66,289.09,60470569
19/05/2024,288.31,288.16,288.94,289.07,288.16,60412521
16/05/2024,287.66,287.76,288.31,288.61,287.76,60474266
15/05/2024,287.49,287.49,287.66,287.91,287.49,60338857
12/05/2024,287.21,287.13,287.49,287.79,287.13,60302871
09/05/2024,287.24,287.4,287.21,287.4,287.17,60242659
08/05/2024,287.09,286.97,287.24,287.35,286.97,60247970
07/05/2024,287.27,287.14,287.09,287.74,287.09,59716504
06/05/2024,287.76,287.68,287.27,287.83,287.16,59752455
05/05/2024,287.4,287.52,287.76,287.98,287.29,59854335
02/05/2024,287.02,287.09,287.4,287.65,287.02,59780114
01/05/2024,287.05,287.09,287.02,287.17,286.89,59698998
30/04/2024,287.25,287.18,287.05,287.67,287.03,59705543
25/04/2024,287.3,287.24,287.25,287.51,287,59748918
24/04/2024,287.38,287.38,287.3,287.56,287.22,59759361
21/04/2024,286.91,286.95,287.38,287.38,286.86,59773723
18/04/2024,286.48,286.42,286.91,286.95,286.42,59676728
17/04/2024,286.44,286.62,286.48,286.8,286.45,59586552
16/04/2024,286.3,286.22,286.44,286.82,286.22,59579646
15/04/2024,286.57,286.43,286.3,286.91,286.07,59549350
14/04/2024,286.48,286.28,286.57,286.72,286.21,59606725
11/04/2024,286.88,286.68,286.48,286.87,286.48,59589783
10/04/2024,287.14,287,286.88,287.39,286.82,59674106
09/04/2024,287.17,287.05,287.14,287.39,287.05,59657427
08/04/2024,286.73,286.73,287.17,287.31,286.65,59159796
07/04/2024,286.75,286.48,286.73,286.98,286.32,59068318
04/04/2024,286.58,286.42,286.75,287.34,286.38,59073923
03/04/2024,286.47,286.47,286.58,287.79,286.47,58875898
02/04/2024,286.34,286.21,286.47,286.62,286.16,58351804
01/04/2024,286.33,286.23,286.34,286.57,286.04,58326307
31/03/2024,286.16,286.06,286.33,286.4,286.06,58325177
28/03/2024,286.09,286.02,286.16,286.23,285.84,58291181
27/03/2024,286.12,286.24,286.09,286.26,285.98,58275675
26/03/2024,286.39,286.53,286.12,286.53,285.82,58278949
25/03/2024,286.84,286.76,286.39,287.16,286.39,57834907
21/03/2024,286.59,286.06,286.84,286.98,286.06,57925139
20/03/2024,286.24,286.15,286.59,286.59,286,57872802
19/03/2024,286.12,285.99,286.24,286.24,285.96,57801834
18/03/2024,286.33,286.3,286.12,286.62,286.05,57276823
17/03/2024,286.04,286.04,286.33,286.51,286.04,57321739
14/03/2024,285.96,285.83,286.04,286.11,285.83,57263697
13/03/2024,285.78,285.81,285.96,286.02,285.75,57245806
12/03/2024,285.78,285.78,285.78,285.96,285.64,57210573
11/03/2024,285.83,285.67,285.78,286.01,285.67,57211941
10/03/2024,286.38,286.27,285.83,286.44,285.83,57222497
07/03/2024,286.3,286.31,286.38,286.55,286.25,57333911
06/03/2024,286.52,286.32,286.3,286.61,286.3,57317308
05/03/2024,286.32,286.16,286.52,286.52,286.16,57361271
04/03/2024,286.36,286.59,286.32,286.79,286.32,56817739
03/03/2024,286.52,286.52,286.36,286.67,286.24,56826446
29/02/2024,286.54,286.13,286.52,286.7,286.13,56858630
28/02/2024,286.57,285.8,286.54,286.71,285.8,56861919
26/02/2024,286.45,286.3,286.57,286.6,286.23,56865172
25/02/2024,286.39,286.26,286.45,286.6,286.22,56843572
22/02/2024,286.42,286.19,286.39,286.41,286.17,56830951
21/02/2024,286.43,286.46,286.42,286.57,286.31,56837302
20/02/2024,286.31,286.27,286.43,286.43,286.1,56731942
19/02/2024,286.32,286.2,286.31,286.48,286.2,56207309
18/02/2024,286.32,286.07,286.32,286.43,286.07,56207654
15/02/2024,286.25,286.25,286.32,286.56,286.16,56207213
14/02/2024,286.69,286.57,286.25,286.8,286.08,56194047
13/02/2024,286.8,286.51,286.69,286.98,286.51,56280314
12/02/2024,286.05,286.05,286.8,286.83,285.7,56304704
11/02/2024,286.65,285.17,286.05,286.42,285.17,56157077
08/02/2024,286.82,286.68,286.65,286.84,286.58,56275142
07/02/2024,286.61,286.53,286.82,287.02,286.29,56308715
06/02/2024,286.37,286.21,286.61,286.9,286.13,56082888
05/02/2024,286.36,286.33,286.37,286.52,285.98,55482943
04/02/2024,286.68,286.46,286.36,286.56,286.22,55482663
01/02/2024,286.19,285.81,286.68,286.9,285.81,55544675
31/01/2024,285.43,285.43,286.19,286.26,285.43,55450819
30/01/2024,285.1,285.19,285.43,285.56,285.08,55302469
29/01/2024,284.97,285.06,285.1,285.35,284.84,55236721
28/01/2024,284.97,284.97,284.97,285.16,284.84,55209403
25/01/2024,285.16,285.02,284.97,285.31,284.92,55210247
24/01/2024,284.87,284.75,285.16,285.73,284.75,54916561
23/01/2024,284.58,284.45,284.87,285.03,284.45,53541830
22/01/2024,284.86,285.05,284.58,285.06,284.56,52938536
21/01/2024,285.23,284.59,284.86,284.97,284.59,52989725
18/01/2024,285.44,285.27,285.23,285.75,285.16,53060521
17/01/2024,285.72,285.54,285.44,285.8,285.26,53101588
16/01/2024,285.68,285.03,285.72,285.73,285.03,53154118
15/01/2024,286.03,286.3,285.68,286.3,285.52,52595906
14/01/2024,286,285.73,286.03,286.22,284.4,52659678
11/01/2024,285.92,285.63,286,286,285.63,52655293
10/01/2024,285.5,285.39,285.92,285.92,285.36,52640430
09/01/2024,285.64,285.6,285.5,285.78,285.5,52564039
08/01/2024,285.86,285.55,285.64,285.9,285.54,52588296
07/01/2024,285.72,285.98,285.86,285.98,285.62,52630758
04/01/2024,285.59,285.59,285.72,285.98,285.5,52603064
03/01/2024,285.84,285.84,285.59,286.05,285.58,52579707
02/01/2024,286.06,285.8,285.84,285.89,285.48,52072173
01/01/2024,285.51,285.51,286.06,286.29,285.49,52112475
31/12/2023,285.13,285.18,285.51,285.67,284.84,52013233
28/12/2023,285.83,285.59,285.13,285.95,285.13,51943682
27/12/2023,285.92,285.55,285.83,286.16,285.55,52071808
26/12/2023,285.73,285.67,285.92,285.96,285.61,52088070
25/12/2023,285.75,285.94,285.73,285.94,285.56,52054077
24/12/2023,285.88,285.74,285.75,285.97,285.74,52058004
21/12/2023,285.9,285.9,285.88,285.9,285.56,52080070
20/12/2023,285.9,284.5,285.9,286.18,284.5,52083878
19/12/2023,285.43,285.39,285.9,285.99,285.39,52085927
18/12/2023,285.58,285.35,285.43,285.91,285.19,51497142
17/12/2023,285.37,285.22,285.58,285.75,285.1,51521270
14/12/2023,284.31,284.31,285.37,285.45,284.31,51484188
13/12/2023,284.45,284.45,284.31,284.95,284.07,51179128
12/12/2023,283.73,283.73,284.45,284.63,283.73,50662634
11/12/2023,283.97,283.8,283.73,284.11,283.61,50534815
10/12/2023,284.51,284.03,283.97,284.64,283.9,50575844
07/12/2023,284.92,284.76,284.51,285.1,284.47,50673561
06/12/2023,284.68,284.68,284.92,284.98,284.47,50744970
05/12/2023,284.29,284.29,284.68,284.87,284.18,50583711
04/12/2023,284.18,283.97,284.29,284.89,283.97,49965254
03/12/2023,283.93,284.37,284.18,285.25,283.98,49945677
30/11/2023,283.93,284.15,283.93,284.16,283.72,49900718
29/11/2023,283.62,283.53,283.93,284.38,283.53,49878293
28/11/2023,282.69,282.92,283.62,283.77,282.67,67681863
27/11/2023,282.51,282.22,282.69,283.06,282.22,67460597
26/11/2023,282.9,282.86,282.51,282.96,282.44,67418522
23/11/2023,282.95,282.9,282.9,283.12,282.83,67511183
22/11/2023,282.67,282.69,282.95,283.06,282.6,67522200
21/11/2023,282.23,282.44,282.67,282.75,282.26,67454972
20/11/2023,281.99,281.88,282.23,282.31,281.88,67351402
19/11/2023,282.33,282.22,281.99,282.44,281.89,67294404
16/11/2023,281.91,281.91,282.33,282.63,281.84,67374034
15/11/2023,281.81,281.91,281.91,282.3,281.72,67274929
14/11/2023,281.29,281.21,281.81,282.14,281.21,67250553
13/11/2023,281.6,281.27,281.29,281.83,281.22,67127428
12/11/2023,282.69,282.27,281.6,282.61,281.58,67199965
09/11/2023,282.87,282.83,282.69,283.31,282.62,67460031
08/11/2023,282.62,282.69,282.87,282.95,282.62,67504640
07/11/2023,282.44,282.34,282.62,282.92,282.34,67444884
06/11/2023,282.27,282.27,282.44,283,282.13,67399937
05/11/2023,281,281.31,282.27,282.63,281.31,67359978
02/11/2023,280.57,280.57,281,281.41,280.57,67056394
01/11/2023,280.2,280.03,280.57,280.8,279.76,66955474
31/10/2023,279.87,279.69,280.2,280.58,279.36,66865550
30/10/2023,280.28,279.91,279.87,280.55,279.75,66786958
29/10/2023,280.69,280.56,280.28,280.9,280.27,66885061
26/10/2023,281.49,280.67,280.69,281.47,280.67,66982381
25/10/2023,281.41,280.92,281.49,281.84,280.76,67174230
24/10/2023,281.38,281.48,281.41,281.92,281.33,67155875
23/10/2023,281.31,281.57,281.38,281.72,281.15,67148874
22/10/2023,281.99,281.22,281.31,281.99,281.16,67132326
19/10/2023,282.13,282.1,281.99,282.1,281.46,67293851
18/10/2023,282.28,282.01,282.13,282.63,281.91,67509810
17/10/2023,283.79,283.88,282.28,283.88,282.28,67546529
16/10/2023,284.05,282.33,283.79,284.31,282.33,67906086
15/10/2023,283.81,283.42,284.05,284.78,283.41,67969457
12/10/2023,280.77,280.41,283.81,283.81,280.41,67911498
11/10/2023,279.94,279.75,280.77,280.82,279.75,67183117
10/10/2023,279.45,279.44,279.94,279.99,279.44,66984531
09/10/2023,278.91,278.68,279.45,279.74,278.57,66867262
08/10/2023,280.59,279.16,278.91,279.92,278.7,66739307
05/10/2023,280.44,280.63,280.59,280.89,280.44,67140710
04/10/2023,280.73,280.73,280.44,280.78,280.1,67104467
03/10/2023,281,280.72,280.73,281.15,279.95,67175546
02/10/2023,281.02,280.57,281,281.41,280.57,67238717
01/10/2023,280.16,279.88,281.02,281.2,279.88,67243809
28/09/2023,280.08,280.11,280.16,280.25,279.69,67037491
27/09/2023,280.21,280.32,280.08,280.37,280.08,67017806
26/09/2023,280.39,280.31,280.21,280.57,280.07,67049367
21/09/2023,281.09,280.66,280.39,281.02,280.2,67094008
20/09/2023,281.26,281.2,281.09,281.23,280.96,67260988
19/09/2023,281.11,281.16,281.26,281.28,281.01,67302389
18/09/2023,281.16,281.2,281.11,281.58,281.06,67265579
14/09/2023,281.06,280.98,281.16,281.21,280.97,67277554
13/09/2023,281.09,280.8,281.06,281.12,280.8,67253309
12/09/2023,280.98,280.94,281.09,281.2,280.82,67259438
11/09/2023,280.88,280.58,280.98,281.02,280.58,67234616
10/09/2023,281.05,280.86,280.88,281.14,280.84,67210371
07/09/2023,281.09,280.59,281.05,281.13,280.59,67250442
06/09/2023,281.18,280.93,281.09,281.22,280.93,67261446
05/09/2023,281.13,280.93,281.18,281.35,280.93,67281481
04/09/2023,281.12,280.73,281.13,281.22,280.49,67269026
03/09/2023,281.26,281.01,281.12,281.26,281.01,67267760
31/08/2023,280.96,280.86,281.26,281.31,280.39,67300196
30/08/2023,280.79,280.66,280.96,280.96,280.66,67228685
29/08/2023,280.84,280.9,280.79,280.91,280.74,67189136
28/08/2023,280.84,280.78,280.84,280.97,280.72,67199627
27/08/2023,280.84,280.74,280.84,281.04,280.58,67201721
24/08/2023,280.78,280.7,280.84,280.94,280.68,67199857
23/08/2023,280.73,280.69,280.78,280.93,280.69,67187118
22/08/2023,280.79,280.72,280.73,281.07,280.65,67173071
21/08/2023,280.84,281.07,280.79,281.24,280.75,67187620
20/08/2023,280.74,280.57,280.84,280.98,280.56,67200152
17/08/2023,280.62,280.23,280.74,280.84,280.23,67175111
16/08/2023,280.63,279.98,280.62,280.69,279.94,67147362
15/08/2023,280.07,279.71,280.63,280.63,279.56,67150480
14/08/2023,280.38,280.17,280.07,280.62,280.07,67016167
13/08/2023,280.91,280.61,280.38,280.91,280.38,67089471
10/08/2023,280.99,280.92,280.91,281.15,280.81,67216500
09/08/2023,281.18,280.94,280.99,281.29,280.92,67192059
08/08/2023,280.98,280.96,281.18,281.24,280.91,67087130
07/08/2023,281.33,281.05,280.98,281.41,280.85,67039797
06/08/2023,281.45,281.42,281.33,281.64,281.11,67122421
03/08/2023,281.43,280.81,281.45,281.51,280.78,67152560
02/08/2023,281.51,281.12,281.43,281.7,281.12,67227367
01/08/2023,281.46,281.33,281.51,281.67,281.33,67248291
31/07/2023,281.33,280.63,281.46,281.55,280.63,67234974
30/07/2023,281.49,281.21,281.33,281.54,281.08,67204497
26/07/2023,281.06,280.94,281.49,281.49,280.9,67394180
25/07/2023,280.72,280.79,281.06,281.24,280.57,67289377
24/07/2023,281.29,281.45,280.72,281.51,280.53,67208018
23/07/2023,281.42,281.09,281.29,281.45,281.07,67345521
20/07/2023,281.26,280.66,281.42,281.54,280.66,67377933
19/07/2023,280.82,280.57,281.26,281.26,280.53,67339755
18/07/2023,280.65,280.4,280.82,280.96,280.4,67253405
17/07/2023,280.48,280.1,280.65,280.82,280.1,67212682
16/07/2023,280.38,279.72,280.48,280.55,279.49,67171059
13/07/2023,280.34,280.16,280.38,280.39,280.16,67146771
12/07/2023,280.11,280.05,280.34,280.48,280.05,67086957
11/07/2023,280,279.99,280.11,280.15,279.85,66865835
10/07/2023,280.37,280.36,280,280.47,279.98,66839690
09/07/2023,280.56,280.45,280.37,280.54,280.33,66927966
06/07/2023,280.65,279.87,280.56,280.66,279.87,66973711
05/07/2023,281.01,280.72,280.65,281.11,280.65,66995156
04/07/2023,281.02,280.9,281.01,281.15,280.64,67082853
03/07/2023,280.94,280.88,281.02,281.13,280.76,67084137
02/07/2023,280.51,280.47,280.94,281.1,280.41,67065823
29/06/2023,280.44,280.25,280.51,280.68,280.25,66963638
28/06/2023,280.34,280.26,280.44,280.46,280.19,66946664
27/06/2023,280.51,280.47,280.34,280.75,279.49,66923182
26/06/2023,280.58,280.44,280.51,280.93,280.41,66749614
25/06/2023,280.76,280.48,280.58,280.77,280.48,66765875
22/06/2023,280.58,280.43,280.76,280.96,280.43,66809019
21/06/2023,280.21,280.24,280.58,280.59,280.14,66631049
20/06/2023,279.58,279.3,280.21,280.35,279.3,65885329
19/06/2023,279.68,279.55,279.58,279.84,279.46,65470556
18/06/2023,279.09,278.15,279.68,279.68,278.14,65493682
15/06/2023,279.02,278.98,279.09,279.35,278.91,65357040
14/06/2023,278.77,278.6,279.02,279.15,278.36,65338802
13/06/2023,278.71,278.6,278.77,278.95,278.43,65279705
12/06/2023,278.99,278.77,278.71,279.01,278.62,65053182
11/06/2023,279.54,279.31,278.99,279.41,278.86,65120373
08/06/2023,279.72,279.18,279.54,279.8,279.18,65248389
07/06/2023,280.4,279.93,279.72,280.76,279.72,65290616
06/06/2023,280.75,280.49,280.4,280.78,280.33,65449895
05/06/2023,280.77,280.35,280.75,280.99,280.35,65262158
04/06/2023,281.12,280.79,280.77,281.28,280.71,65267554
01/06/2023,280.8,280.59,281.12,281.27,280.17,65349579
31/05/2023,280.41,280.37,280.8,281.07,280.23,65221497
30/05/2023,280.36,280.11,280.41,280.78,280.11,64916985
29/05/2023,280.27,280.34,280.36,280.53,280.26,64902954
28/05/2023,280.07,279.93,280.27,280.44,279.86,64883050
24/05/2023,279.5,279.46,280.07,280.45,279.45,64836290
23/05/2023,279.72,279.31,279.5,279.82,279.31,64705692
22/05/2023,280.06,280.32,279.72,280.5,279.64,64490387
21/05/2023,280.24,279.99,280.06,280.15,279.83,64568471
18/05/2023,280.16,279.95,280.24,280.35,279.95,64609652
17/05/2023,280.46,280.38,280.16,280.81,279.94,64758065
16/05/2023,279.81,280.16,280.46,281.03,280.16,64828246
15/05/2023,279.42,279.04,279.81,279.96,279.04,64679050
14/05/2023,279.44,279.34,279.42,279.52,279.31,64588379
11/05/2023,279.13,279.09,279.44,279.56,279.09,64591326
10/05/2023,278.82,278.71,279.13,279.36,278.71,64439915
09/05/2023,278.22,278,278.82,278.99,278,64104173
08/05/2023,278.06,277.96,278.22,278.48,277.94,63964936
07/05/2023,278.32,277.95,278.06,278.22,277.94,63928866
04/05/2023,278,277.93,278.32,278.6,277.85,63987881
03/05/2023,277.51,277.4,278,278.21,277.4,63841435
02/05/2023,277.75,277.37,277.51,277.73,277.36,63463447
01/05/2023,277.99,278.04,277.75,278.15,277.75,63519116
30/04/2023,277.88,277.76,277.99,277.99,277.76,63572892
27/04/2023,277.86,277.77,277.88,278.1,277.67,63547159
24/04/2023,277.84,277.93,277.86,278.24,277.81,63544665
23/04/2023,277.99,277.67,277.84,277.95,277.65,63538499
20/04/2023,277.64,277.55,277.99,277.99,277.51,63572132
19/04/2023,277.27,277.43,277.64,277.64,277.24,63493677
18/04/2023,277.14,277.05,277.27,277.37,276.91,63384696
17/04/2023,277.39,277.29,277.14,277.45,277.09,63090452
16/04/2023,278.25,278.07,277.39,278.19,277.38,63147122
13/04/2023,278.42,278.05,278.25,278.47,278.05,63343504
10/04/2023,278.33,278.29,278.42,278.74,278.29,63381536
09/04/2023,278.05,277.57,278.33,278.48,277.57,63360984
04/04/2023,278.02,277.93,278.05,278.42,277.78,63236741
03/04/2023,277.91,277.91,278.02,278.02,277.77,62965478
02/04/2023,277.67,277.65,277.91,278.36,277.65,62940006
30/03/2023,278.01,277.76,277.67,278.09,277.67,62884823
29/03/2023,277.87,277.7,278.01,278.15,277.7,62961865
28/03/2023,277.41,277.27,277.87,278.27,277.24,62917570
27/03/2023,276.38,276.05,277.41,277.79,275.85,62549283
26/03/2023,277.09,277.25,276.38,277.4,276.38,62314598
23/03/2023,276.96,276.9,277.09,277.87,276.78,62474443
22/03/2023,277.22,277.46,276.96,277.51,276.96,62445987
21/03/2023,277.31,277.21,277.22,277.77,276.91,62451689
20/03/2023,276.44,276.5,277.31,277.46,276.46,62261148
19/03/2023,276.48,276.48,276.44,276.99,275.79,62065313
16/03/2023,276.79,277.37,276.48,277.46,276.48,62073791
15/03/2023,275.81,275.73,276.79,277.36,275.73,62143103
14/03/2023,275.48,275.1,275.81,276.33,274.92,61922631
13/03/2023,274.94,274.95,275.48,276.67,274.95,61849358
12/03/2023,274.59,274.72,274.94,275.69,274.72,61728943
09/03/2023,274.36,274.02,274.59,274.9,274.02,61649524
08/03/2023,273.94,273.67,274.36,274.46,273.6,61598848
06/03/2023,273.85,273.35,273.94,274.28,273.35,61160124
05/03/2023,273.95,273.86,273.85,274.85,273.85,61139501
02/03/2023,274.46,274.14,273.95,274.67,273.86,61162158
01/03/2023,275.11,274.72,274.46,275.77,274.46,61275831
28/02/2023,275.17,275.04,275.11,275.31,274.68,61420365
27/02/2023,275.94,275.76,275.17,276.19,275.17,61172861
26/02/2023,276.86,276.28,275.94,276.61,275.94,61343194
23/02/2023,277.19,276.61,276.86,277.33,276.61,61546730
22/02/2023,277.56,277.65,277.19,278.71,277.19,61620496
21/02/2023,276.52,276.46,277.56,277.65,276.25,61702507
20/02/2023,276.63,276.44,276.52,277.06,276.16,61472102
19/02/2023,276.57,276.24,276.63,276.73,276.23,61496929
16/02/2023,276.49,276.62,276.57,277.02,276.57,61482393
15/02/2023,276.62,276.52,276.49,276.8,276.17,61465685
14/02/2023,276.75,276.61,276.62,276.9,276.46,61492661
13/02/2023,276.85,276.64,276.75,277.07,276.41,61258571
12/02/2023,277.19,276.68,276.85,276.86,275.76,61280481
09/02/2023,277.1,276.97,277.19,277.62,276.97,61356169
08/02/2023,277.02,277.02,277.1,277.21,276.76,61335814
07/02/2023,276.97,276.75,277.02,277.34,276.73,61318284
06/02/2023,277.12,276.65,276.97,277.04,276.5,61306200
05/02/2023,277.64,277.15,277.12,277.17,276.62,61339781
02/02/2023,277.12,277.07,277.64,277.67,276.99,61455742
01/02/2023,277.15,276.94,277.12,277.52,276.94,61340311
31/01/2023,276.91,276.79,277.15,277.51,276.76,61347314
30/01/2023,276.79,276.68,276.91,277.41,276.54,61030271
29/01/2023,276.91,276.3,276.79,277.15,276.3,61003283
26/01/2023,276.75,276.53,276.91,276.91,276.15,61029987
25/01/2023,277.33,277.29,276.75,277.53,276.72,60995103
24/01/2023,277.43,277.6,277.33,277.65,277.28,61090772
23/01/2023,277.49,277.72,277.43,277.93,277.37,61112393
22/01/2023,277.57,277.42,277.49,277.6,277.08,61126782
19/01/2023,277.57,277.43,277.57,277.87,277.43,61143950
18/01/2023,276.71,276.67,277.57,277.66,276.67,61143293
17/01/2023,276.63,276.43,276.71,276.87,276.43,60906111
16/01/2023,276.58,276.2,276.63,276.87,275.95,60677474
15/01/2023,276.78,276.41,276.58,276.77,276.4,60667549
12/01/2023,276.73,276.49,276.78,277.25,276.49,60710398
11/01/2023,276.17,276.17,276.73,276.79,276.17,60700604
10/01/2023,275.99,275.82,276.17,276.23,275.82,60531689
09/01/2023,275.57,275.46,275.99,276.06,275.46,60230385
08/01/2023,274.48,274.75,275.57,275.59,274.75,60137542
05/01/2023,274.75,274.54,274.48,274.86,274.39,59900834
04/01/2023,275.24,275.01,274.75,275.33,274.71,59958388
03/01/2023,275.29,275.22,275.24,275.8,275.01,60065496
02/01/2023,275.46,275.21,275.29,275.76,275.21,60077367
01/01/2023,275.27,275.22,275.46,275.62,275.18,60115124
29/12/2022,275.72,275.67,275.27,275.7,275.27,60073228
28/12/2022,275.7,275.67,275.72,275.8,275.46,60171240
27/12/2022,275.9,275.71,275.7,276.29,275.7,60165214
26/12/2022,276.06,275.86,275.9,276.1,275.85,60208638
25/12/2022,276.39,275.97,276.06,276.31,275.97,60245352
22/12/2022,276.1,276.05,276.39,276.53,275.95,60315633
21/12/2022,276.15,276.35,276.1,276.48,276.1,60252217
20/12/2022,276.43,275.63,276.15,276.46,275.63,60264355
19/12/2022,276.42,276.23,276.43,276.51,276.23,60325376
18/12/2022,276.09,275.86,276.42,276.51,275.67,60322155
15/12/2022,276.18,275.78,276.09,276.22,275.78,60251101
14/12/2022,276.31,276.21,276.18,276.44,276.08,60271300
13/12/2022,276.33,276.33,276.31,276.53,275.93,60299902
12/12/2022,276.59,276.04,276.33,276.87,276.04,60303721
11/12/2022,277.13,276.6,276.59,277.13,276.41,60360788
08/12/2022,276.69,276.52,277.13,277.22,276.52,60477248
07/12/2022,276.46,276.33,276.69,276.69,276.2,60381402
06/12/2022,276.45,276.19,276.46,276.6,276.09,60332272
05/12/2022,277.03,276.64,276.45,276.99,276.32,60066186
04/12/2022,277.58,277.46,277.03,277.71,276.91,60192833
01/12/2022,277.25,277.71,277.58,278.15,277.41,60310560
30/11/2022,277.38,276.94,277.25,277.84,276.94,60239246
29/11/2022,277.58,277.24,277.38,277.63,277.24,60268214
28/11/2022,277.73,277.72,277.58,278.11,277.43,60311294
27/11/2022,278.16,277.91,277.73,278.03,277.24,60344744
24/11/2022,278.55,278.36,278.16,278.78,278.04,60437870
23/11/2022,278.26,278.06,278.55,278.58,277.94,60522786
22/11/2022,277.96,277.92,278.26,278.29,277.57,60386954
21/11/2022,278.21,277.92,277.96,278.55,277.75,60056549
20/11/2022,278.63,278.08,278.21,278.25,277.89,60110788
17/11/2022,278.88,278.72,278.63,279.19,278.53,60201707
16/11/2022,278.05,278.59,278.88,279.05,278.29,60255855
15/11/2022,277.7,277.7,278.05,278.49,277.7,60076573
14/11/2022,277.88,277.68,277.7,278.3,277.43,60000160
13/11/2022,277.71,277.45,277.88,277.9,277.45,60038515
10/11/2022,277.6,277.21,277.71,277.83,277.21,60002374
09/11/2022,277.81,277.7,277.6,278.06,277.39,59979021
08/11/2022,277.42,277.06,277.81,277.99,277.06,59971395
07/11/2022,277.28,277.03,277.42,277.76,277.02,59622197
06/11/2022,277.54,277.54,277.28,277.69,277.24,59593590
03/11/2022,278.1,277.29,277.54,277.68,277.29,59649153
02/11/2022,277.36,276.79,278.1,278.36,276.79,59768551
31/10/2022,277.99,277.83,277.36,278.11,277.36,59610363
30/10/2022,278.56,278.31,277.99,278.45,277.95,59744614
27/10/2022,278.24,277.99,278.56,278.56,277.62,59868332
26/10/2022,277.94,278.17,278.24,278.46,278.11,59798991
25/10/2022,277.61,277.65,277.94,278.03,277.38,59734984
24/10/2022,277.11,277.09,277.61,278.04,277.09,59663944
23/10/2022,276.2,275.9,277.11,277.19,275.85,59555981
20/10/2022,276.22,275.9,276.2,276.3,275.75,59361011
19/10/2022,276.48,276.31,276.22,276.4,276.09,59365249
18/10/2022,276.11,276.11,276.48,276.87,276.11,59597566
13/10/2022,275.73,275.47,276.11,276.34,275.47,59518889
12/10/2022,275.89,275.7,275.73,276.39,275.7,59437327
11/10/2022,276.57,274.53,275.89,276.25,274.53,59470703
06/10/2022,275.86,275.62,276.57,276.84,275.62,59617802
03/10/2022,275.66,274.77,275.86,276,274.77,59463693
02/10/2022,277.52,277.13,275.66,277.84,275.66,59420819
29/09/2022,278.63,278.11,277.52,278.65,277.4,59822731
28/09/2022,280.58,279.04,278.63,279.53,277.84,60060818
22/09/2022,281.33,280.46,280.58,281.27,280.46,60482701
21/09/2022,281.31,281.41,281.33,281.58,281.24,60644289
20/09/2022,281.22,281.13,281.31,281.45,280.78,60639042
19/09/2022,280.95,280.72,281.22,281.55,280.69,60620654
18/09/2022,281.56,281.31,280.95,281.31,280.31,60561867
15/09/2022,281.53,280.69,281.56,281.96,280.69,60692240
14/09/2022,281.07,280.89,281.53,281.58,280.71,60686838
13/09/2022,280.74,280.58,281.07,281.21,280.46,60588005
12/09/2022,280.33,280.12,280.74,280.85,279.95,60516859
11/09/2022,280.56,280.27,280.33,280.46,280.07,60426948
08/09/2022,280.86,280.95,280.56,281.32,280.36,60476695
07/09/2022,280.68,280.57,280.86,281.04,280.52,60542328
06/09/2022,281.66,281.6,280.68,281.65,280.68,60503576
05/09/2022,281.43,280.48,281.66,281.74,280.48,60715010
04/09/2022,281.16,281,281.43,281.57,281,60664897
01/09/2022,282.12,281.56,281.16,281.66,281.11,60606105
31/08/2022,282.48,282.47,282.12,282.48,281.8,60812856
30/08/2022,281.83,281.7,282.48,282.48,281.7,60891719
29/08/2022,282.1,282.01,281.83,282.01,281.29,80963899
28/08/2022,282.59,282.43,282.1,282.76,281.99,81040622
25/08/2022,282.7,281.82,282.59,283.01,281.82,81180242
24/08/2022,283.92,283.82,282.7,284.04,282.55,81213252
23/08/2022,284.27,284.29,283.92,284.29,283.55,81563128
22/08/2022,284.56,284.72,284.27,285.07,283.84,81664234
21/08/2022,285.27,285.04,284.56,285.11,284.56,81748364
18/08/2022,284.32,283.94,285.27,285.27,283.92,81951481
17/08/2022,285.01,284.84,284.32,285.01,284.03,81677019
16/08/2022,285.11,286.13,285.01,286.17,285.01,81875792
15/08/2022,284.36,284.25,285.11,285.27,284.18,81904365
14/08/2022,284.17,284.03,284.36,284.44,283.92,81688997
11/08/2022,283.64,283.44,284.17,284.31,283.37,81633828
10/08/2022,284.03,283.7,283.64,284.06,283.54,81482517
09/08/2022,284.64,284.23,284.03,284.79,284.01,81594077
08/08/2022,284.96,284.63,284.64,284.93,284.11,81769744
04/08/2022,285.31,285.42,284.96,285.48,284.85,81862300
03/08/2022,285.54,285.43,285.31,285.43,285,81962924
02/08/2022,285.35,285.21,285.54,285.83,285.07,82028838
01/08/2022,285.11,285.01,285.35,285.55,284.93,81973087
31/07/2022,284.63,284.55,285.11,285.38,284.5,81904472
28/07/2022,284.07,283.87,284.63,284.63,283.76,81766834
27/07/2022,283.84,283.56,284.07,284.19,283.56,81604946
26/07/2022,283.56,283.67,283.84,283.9,283.58,81540870
25/07/2022,283.71,283.57,283.56,283.82,283.37,81458255
24/07/2022,283.32,283.35,283.71,284.11,283.35,81501970
21/07/2022,283.18,282.69,283.32,283.32,282.69,81391371
20/07/2022,283.13,283.13,283.18,283.31,282.91,81350369
19/07/2022,283.1,283.09,283.13,283.38,282.48,81335012
18/07/2022,283.31,283.11,283.1,283.49,283.1,81341307
17/07/2022,282.2,282.14,283.31,283.33,282.14,81403355
14/07/2022,281.59,281.07,282.2,282.44,280.99,81083768
13/07/2022,281.34,280.88,281.59,281.7,280.88,81643395
12/07/2022,281.19,281.23,281.34,282,280.97,81572007
11/07/2022,281,280.85,281.19,281.26,280.42,81526651
10/07/2022,281.6,281.4,281,281.51,280.99,81471785
07/07/2022,282.32,281.85,281.6,282.03,280.95,81645754
06/07/2022,283.65,283.34,282.32,283.46,282.3,81854507
05/07/2022,283.23,282.69,283.65,283.86,282.66,82240666
04/07/2022,284.51,284.43,283.23,284.7,283.23,82118675
03/07/2022,283.57,283.57,284.51,285.37,283.57,82491987
30/06/2022,282.2,0,283.57,0,0,82217758
29/06/2022,281.09,0,282.2,0,0,81821356
28/06/2022,280.42,0,281.09,0,0,81499272
27/06/2022,279.86,0,280.42,0,0,81305134
26/06/2022,280.14,0,279.86,0,0,81142429
23/06/2022,278.6,0,280.14,0,0,81224522
22/06/2022,277.8,0,278.6,0,0,80775810
21/06/2022,278.66,0,277.8,0,0,80543767
20/06/2022,278.27,0,278.66,0,0,80792996
19/06/2022,278.15,0,278.27,0,0,80680114
16/06/2022,279.31,0,278.15,0,0,80645518
15/06/2022,280.08,0,279.31,0,0,80982040
14/06/2022,279.73,0,280.08,0,0,81206991
13/06/2022,281.03,0,279.73,0,0,81104452
12/06/2022,282.2,0,281.03,0,0,81481832
09/06/2022,282.19,0,282.2,0,0,81821463
08/06/2022,282.79,0,282.19,0,0,81816646
07/06/2022,283.09,0,282.79,0,0,81992460
06/06/2022,283.89,0,283.09,0,0,82077779
02/06/2022,284,0,283.89,0,0,82311674
01/06/2022,283.94,0,284,0,0,82341199
31/05/2022,283.62,0,283.94,0,0,82324812
30/05/2022,283.29,0,283.62,0,0,82232479
29/05/2022,282.74,0,283.29,0,0,59549401
26/05/2022,282.05,0,282.74,0,0,59434440
25/05/2022,282.78,0,282.05,0,0,59288761
24/05/2022,283.61,0,282.78,0,0,59443533
23/05/2022,285.17,0,283.61,0,0,59617984
22/05/2022,285.95,0,285.17,0,0,59944043
19/05/2022,285.73,0,285.95,0,0,60109964
18/05/2022,285.44,0,285.73,0,0,60062958
17/05/2022,285.28,0,285.44,0,0,60001393
16/05/2022,286.11,0,285.28,0,0,59967554
15/05/2022,285.61,0,286.11,0,0,60142196
12/05/2022,286.3,0,285.61,0,0,60036634
11/05/2022,286.99,0,286.3,0,0,60183326
10/05/2022,287.6,0,286.99,0,0,60326878
09/05/2022,287.96,0,287.6,0,0,60456471
08/05/2022,288.78,0,287.96,0,0,60531135
03/05/2022,288.71,0,288.78,0,0,60703323
02/05/2022,289.62,0,288.71,0,0,60689471
01/05/2022,289.63,0,289.62,0,0,60880785
28/04/2022,289.39,0,289.63,0,0,60882973
27/04/2022,289.47,0,289.39,0,0,60832096
26/04/2022,289.07,0,289.47,0,0,60848335
25/04/2022,288.82,0,289.07,0,0,60764050
24/04/2022,289.09,0,288.82,0,0,60712052
20/04/2022,288.82,0,289.09,0,0,60769167
19/04/2022,289.09,0,288.82,0,0,60711792
18/04/2022,288.65,0,289.09,0,0,60768671
17/04/2022,288.46,0,288.65,0,0,60675565
14/04/2022,288.45,0,288.46,0,0,60636439
13/04/2022,288.71,0,288.45,0,0,60634190
12/04/2022,288.77,0,288.71,0,0,60688591
11/04/2022,289.01,0,288.77,0,0,60701241
10/04/2022,288.95,0,289.01,0,0,60752511
07/04/2022,288.71,0,288.95,0,0,60739249
06/04/2022,288.74,0,288.71,0,0,60689784
05/04/2022,289.29,0,288.74,0,0,60694381
04/04/2022,289.28,0,289.29,0,0,60587362
03/04/2022,289.36,0,289.28,0,0,60585746
31/03/2022,289.22,0,289.36,0,0,60602181
30/03/2022,288.98,0,289.22,0,0,60573621
29/03/2022,290.07,0,288.98,0,0,60523689
28/03/2022,290.29,0,290.07,0,0,60750453
27/03/2022,291.2,0,290.29,0,0,60796884
24/03/2022,292.5,0,291.2,0,0,60988169
23/03/2022,292.75,0,292.5,0,0,61260828
22/03/2022,293.45,0,292.75,0,0,61313277
21/03/2022,293.58,0,293.45,0,0,61289457
20/03/2022,292.83,0,293.58,0,0,61316689
16/03/2022,291.73,0,292.83,0,0,61160518
15/03/2022,291.83,0,291.73,0,0,60929841
14/03/2022,291.87,0,291.83,0,0,60950999
13/03/2022,291.6,0,291.87,0,0,60959608
10/03/2022,292.77,0,291.6,0,0,60902108
09/03/2022,294.65,0,292.77,0,0,61146641
08/03/2022,294.02,0,294.65,0,0,61540727
07/03/2022,293.18,0,294.02,0,0,61180992
06/03/2022,291.79,0,293.18,0,0,61005083
03/03/2022,290.58,0,291.79,0,0,60716786
02/03/2022,290.24,0,290.58,0,0,60464110
01/03/2022,289.28,0,290.24,0,0,60355419
28/02/2022,288.1,0,289.28,0,0,59987063
27/02/2022,287.87,0,288.1,0,0,59743434
24/02/2022,286.73,0,287.87,0,0,59695473
23/02/2022,288.03,0,286.73,0,0,59459583
22/02/2022,289.11,0,288.03,0,0,59728935
21/02/2022,290.08,0,289.11,0,0,59953338
20/02/2022,290.03,0,290.08,0,0,60153133
17/02/2022,289.26,0,290.03,0,0,60142459
16/02/2022,289.15,0,289.26,0,0,59982472
15/02/2022,289.15,0,289.15,0,0,59960218
14/02/2022,289.32,0,289.15,0,0,59793344
13/02/2022,289.11,0,289.32,0,0,59826968
10/02/2022,288.6,0,289.11,0,0,59785221
09/02/2022,287.82,0,288.6,0,0,59678332
08/02/2022,287.26,0,287.82,0,0,59517166
07/02/2022,287,0,287.26,0,0,59402227
06/02/2022,287.36,0,287,0,0,59347657
03/02/2022,287.75,0,287.36,0,0,59422146
02/02/2022,287.79,0,287.75,0,0,59503204
01/02/2022,288.36,0,287.79,0,0,59511053
31/01/2022,289.23,0,288.36,0,0,59407001
30/01/2022,288.76,0,289.23,0,0,59586202
27/01/2022,289.43,0,288.76,0,0,59488587
26/01/2022,289.47,0,289.43,0,0,59627414
25/01/2022,289.57,0,289.47,0,0,59635119
24/01/2022,290.23,0,289.57,0,0,59487129
23/01/2022,290.97,0,290.23,0,0,59623992
20/01/2022,290.82,0,290.97,0,0,59775622
19/01/2022,291.03,0,290.82,0,0,59744647
18/01/2022,291.31,0,291.03,0,0,59786628
17/01/2022,291.53,0,291.31,0,0,59844981
16/01/2022,291.37,0,291.53,0,0,59889490
13/01/2022,291.44,0,291.37,0,0,59858352
12/01/2022,291,0,291.44,0,0,59872097
11/01/2022,291.59,0,291,0,0,59780939
10/01/2022,291.83,0,291.59,0,0,59675729
09/01/2022,292.57,0,291.83,0,0,59725541
06/01/2022,292.93,0,292.57,0,0,59876320
05/01/2022,292.76,0,292.93,0,0,59951382
04/01/2022,292.67,0,292.76,0,0,59916569
03/01/2022,292.21,0,292.67,0,0,59897465
02/01/2022,291.82,0,292.21,0,0,59803811
30/12/2021,291.54,0,291.82,0,0,59723468
29/12/2021,291.55,0,291.54,0,0,59666154
28/12/2021,290.86,0,291.55,0,0,59667317
27/12/2021,290.84,0,290.86,0,0,59526092
26/12/2021,290.76,0,290.84,0,0,59521716
23/12/2021,290.39,0,290.76,0,0,59506013
22/12/2021,290.13,0,290.39,0,0,59430744
21/12/2021,290.55,0,290.13,0,0,59378076
20/12/2021,291.38,0,290.55,0,0,59463023
19/12/2021,291.27,0,291.38,0,0,59632992
16/12/2021,292.03,0,291.27,0,0,59610695
15/12/2021,292.7,0,292.03,0,0,59766048
14/12/2021,292.8,0,292.7,0,0,59857198
13/12/2021,292.26,0,292.8,0,0,59651208
12/12/2021,292.3,0,292.26,0,0,59540035
09/12/2021,291.08,0,292.3,0,0,59547559
08/12/2021,291.26,0,291.08,0,0,59299254
07/12/2021,290.94,0,291.26,0,0,59337390
06/12/2021,290.48,0,290.94,0,0,59272079
05/12/2021,290.47,0,290.48,0,0,59177522
02/12/2021,290.4,0,290.47,0,0,59176328
01/12/2021,290.81,0,290.4,0,0,59161880
30/11/2021,291.38,0,290.81,0,0,59244917
29/11/2021,291.33,0,291.38,0,0,59360842
28/11/2021,291.83,0,291.33,0,0,59351729
25/11/2021,290.89,0,291.83,0,0,59451775
24/11/2021,290.18,0,290.89,0,0,59260174
23/11/2021,290.19,0,290.18,0,0,59117304
22/11/2021,290.44,0,290.19,0,0,58837811
21/11/2021,290.98,0,290.44,0,0,58887687
18/11/2021,290.78,0,290.98,0,0,58996628
17/11/2021,291.07,0,290.78,0,0,58956035
16/11/2021,291.32,0,291.07,0,0,59014888
15/11/2021,290.82,0,291.32,0,0,59065566
14/11/2021,290.77,0,290.82,0,0,58965408
11/11/2021,290.5,0,290.77,0,0,58954383
10/11/2021,290.14,0,290.5,0,0,58899845
09/11/2021,290.17,0,290.14,0,0,58826302
08/11/2021,290.87,0,290.17,0,0,58833106
07/11/2021,290.54,0,290.87,0,0,58974699
04/11/2021,290.05,0,290.54,0,0,58907866
03/11/2021,290.95,0,290.05,0,0,58807780
02/11/2021,291.44,0,290.95,0,0,58990340
01/11/2021,291.88,0,291.44,0,0,58807380
31/10/2021,291.84,0,291.88,0,0,58897562
28/10/2021,292.43,0,291.84,0,0,58888497
27/10/2021,292.59,0,292.43,0,0,59007729
26/10/2021,292.23,0,292.59,0,0,58955982
25/10/2021,291.59,0,292.23,0,0,58599538
24/10/2021,291.15,0,291.59,0,0,58472914
21/10/2021,291.4,0,291.15,0,0,58384749
20/10/2021,291.35,0,291.4,0,0,58434555
19/10/2021,291.56,0,291.35,0,0,58424260
18/10/2021,291.78,0,291.56,0,0,58634807
17/10/2021,292.28,0,291.78,0,0,58678973
14/10/2021,292,0,292.28,0,0,58779402
13/10/2021,291.07,0,292,0,0,58724148
12/10/2021,290.46,0,291.07,0,0,58537003
11/10/2021,289.73,0,290.46,0,0,58414416
10/10/2021,289.91,0,289.73,0,0,58267436
07/10/2021,290.56,0,289.91,0,0,58303338
06/10/2021,290.18,0,290.56,0,0,58433822
05/10/2021,290.24,0,290.18,0,0,58300169
04/10/2021,290.07,0,290.24,0,0,58030985
03/10/2021,290.01,0,290.07,0,0,57998371
30/09/2021,289.69,0,290.01,0,0,57985802
29/09/2021,289.76,0,289.69,0,0,57921499
26/09/2021,289.61,0,289.76,0,0,57936775
23/09/2021,289.41,0,289.61,0,0,79568805
22/09/2021,289.18,0,289.41,0,0,79512912
19/09/2021,289.82,0,289.18,0,0,79451342
14/09/2021,289.64,0,289.82,0,0,79912599
13/09/2021,289.2,0,289.64,0,0,79636582
12/09/2021,289.23,0,289.2,0,0,79515001
09/09/2021,289.15,0,289.23,0,0,79524571
05/09/2021,289.28,0,289.15,0,0,79503278
02/09/2021,289.01,0,289.28,0,0,79537175
01/09/2021,288.76,0,289.01,0,0,79462966
31/08/2021,287.93,0,288.76,0,0,79394052
30/08/2021,287.72,0,287.93,0,0,79166985
29/08/2021,287.3,0,287.72,0,0,79110276
26/08/2021,287.13,0,287.3,0,0,78994210
25/08/2021,287.1,0,287.13,0,0,78946543
24/08/2021,286.88,0,287.1,0,0,78938099
23/08/2021,287.15,0,286.88,0,0,78877369
22/08/2021,287.02,0,287.15,0,0,78951560
19/08/2021,287.09,0,287.02,0,0,78917261
18/08/2021,287.17,0,287.09,0,0,78935934
17/08/2021,287.13,0,287.17,0,0,78906072
16/08/2021,286.7,0,287.13,0,0,78562204
15/08/2021,286.4,0,286.7,0,0,78443852
12/08/2021,286.41,0,286.4,0,0,78362349
11/08/2021,286.22,0,286.41,0,0,78366068
10/08/2021,286.26,0,286.22,0,0,78312306
09/08/2021,286.36,0,286.26,0,0,78101796
08/08/2021,286.47,0,286.36,0,0,78131605
05/08/2021,286.66,0,286.47,0,0,78161519
04/08/2021,286.61,0,286.66,0,0,78212237
03/08/2021,286.34,0,286.61,0,0,78199279
02/08/2021,286.2,0,286.34,0,0,78126109
01/08/2021,285.55,0,286.2,0,0,78087210
29/07/2021,285.72,0,285.55,0,0,77908298
28/07/2021,285.43,0,285.72,0,0,67539345
27/07/2021,285.36,0,285.43,0,0,67470298
26/07/2021,285.16,0,285.36,0,0,67452855
25/07/2021,284.93,0,285.16,0,0,67406041
22/07/2021,284.56,0,284.93,0,0,67352304
21/07/2021,284.66,0,284.56,0,0,67265604
20/07/2021,285.34,0,284.66,0,0,67288357
19/07/2021,285.99,0,285.34,0,0,67448148
15/07/2021,285.67,0,285.99,0,0,67603465
14/07/2021,284.84,0,285.67,0,0,68230013
13/07/2021,284.78,0,284.84,0,0,68032894
12/07/2021,284.76,0,284.78,0,0,68019499
11/07/2021,284.79,0,284.76,0,0,68013099
08/07/2021,285.47,0,284.79,0,0,68021750
07/07/2021,285.59,0,285.47,0,0,68184416
06/07/2021,285.24,0,285.59,0,0,68211684
05/07/2021,284.83,0,285.24,0,0,68128591
04/07/2021,284.49,0,284.83,0,0,68029348
01/07/2021,284.29,0,284.49,0,0,67949607
30/06/2021,283.97,0,284.29,0,0,67900630
29/06/2021,284.06,0,283.97,0,0,67825001
28/06/2021,283.79,0,284.06,0,0,67846628
27/06/2021,283.92,0,283.79,0,0,67781676
24/06/2021,284.23,0,283.92,0,0,67812823
23/06/2021,283.95,0,284.23,0,0,67887164
22/06/2021,283.88,0,283.95,0,0,67820954
21/06/2021,283.95,0,283.88,0,0,67802595
20/06/2021,284.27,0,283.95,0,0,67821117
17/06/2021,284.98,0,284.27,0,0,67895540
16/06/2021,285.99,0,284.98,0,0,68066376
15/06/2021,285.84,0,285.99,0,0,68308353
14/06/2021,285.87,0,285.84,0,0,68270456
13/06/2021,285.72,0,285.87,0,0,68279173
10/06/2021,285.56,0,285.72,0,0,68242402
09/06/2021,285.35,0,285.56,0,0,68203837
08/06/2021,285.41,0,285.35,0,0,68155373
07/06/2021,285.5,0,285.41,0,0,68167725
06/06/2021,285.42,0,285.5,0,0,68189873
03/06/2021,285.3,0,285.42,0,0,68170178
02/06/2021,285.15,0,285.3,0,0,68142828
01/06/2021,284.52,0,285.15,0,0,68106313
31/05/2021,283.77,0,284.52,0,0,67957031
30/05/2021,283.51,0,283.77,0,0,67776466
27/05/2021,283.84,0,283.51,0,0,67715540
26/05/2021,284.12,0,283.84,0,0,67794688
25/05/2021,284.16,0,284.12,0,0,67776065
24/05/2021,284.25,0,284.16,0,0,67787211
23/05/2021,284.28,0,284.25,0,0,67808540
20/05/2021,284.91,0,284.28,0,0,67814078
19/05/2021,285.4,0,284.91,0,0,67966565
18/05/2021,286.61,0,285.4,0,0,68082542
13/05/2021,285.84,0,286.61,0,0,68369972
12/05/2021,284.42,0,285.84,0,0,68187820
11/05/2021,285.19,0,284.42,0,0,67849412
10/05/2021,284.17,0,285.19,0,0,68031051
09/05/2021,283.66,0,284.17,0,0,67788265
06/05/2021,283.97,0,283.66,0,0,67668005
05/05/2021,283.45,0,283.97,0,0,67742163
04/05/2021,283.16,0,283.45,0,0,67617716
03/05/2021,282.14,0,283.16,0,0,67547234
02/05/2021,281.71,0,282.14,0,0,67304015
29/04/2021,281.28,0,281.71,0,0,67202045
28/04/2021,281.24,0,281.28,0,0,67099805
27/04/2021,281.38,0,281.24,0,0,67090808
26/04/2021,281.06,0,281.38,0,0,67122781
25/04/2021,280.79,0,281.06,0,0,67047811
22/04/2021,280.64,0,280.79,0,0,66981462
21/04/2021,280.65,0,280.64,0,0,66946788
20/04/2021,280.8,0,280.65,0,0,66948908
19/04/2021,280.69,0,280.8,0,0,66984664
18/04/2021,280.16,0,280.69,0,0,66957553
13/04/2021,280.05,0,280.16,0,0,66141491
12/04/2021,280.15,0,280.05,0,0,66117535
11/04/2021,280.21,0,280.15,0,0,66139641
08/04/2021,280.25,0,280.21,0,0,66153802
07/04/2021,280.37,0,280.25,0,0,66162980
06/04/2021,280.33,0,280.37,0,0,66193092
05/04/2021,280.42,0,280.33,0,0,66181758
04/04/2021,280.29,0,280.42,0,0,66203898
01/04/2021,280.11,0,280.29,0,0,66173546
31/03/2021,279.86,0,280.11,0,0,66130217
30/03/2021,280.05,0,279.86,0,0,66070703
29/03/2021,279.77,0,280.05,0,0,66117307
25/03/2021,279.57,0,279.77,0,0,66050246
24/03/2021,279.52,0,279.57,0,0,66004287
22/03/2021,279.2,0,279.52,0,0,65991866
21/03/2021,278.87,0,279.2,0,0,65915435
18/03/2021,279.05,0,278.87,0,0,65836963
17/03/2021,279.27,0,279.05,0,0,65736034
16/03/2021,277.84,0,279.27,0,0,65249674
15/03/2021,277.92,0,277.84,0,0,64917065
14/03/2021,278.03,0,277.92,0,0,64934964
11/03/2021,278.42,0,278.03,0,0,64960018
10/03/2021,278.95,0,278.42,0,0,65052143
09/03/2021,279,0,278.95,0,0,65176249
08/03/2021,278.62,0,279,0,0,65186060
07/03/2021,278.79,0,278.62,0,0,65098283
04/03/2021,278.49,0,278.79,0,0,65139063
03/03/2021,279,0,278.49,0,0,65068869
02/03/2021,278.63,0,279,0,0,65187390
01/03/2021,278.22,0,278.63,0,0,65101000
28/02/2021,278.12,0,278.22,0,0,65005553
25/02/2021,278.22,0,278.12,0,0,64981558
24/02/2021,278.46,0,278.22,0,0,64862366
23/02/2021,277.96,0,278.46,0,0,64385286
22/02/2021,277.72,0,277.96,0,0,64268979
21/02/2021,277.95,0,277.72,0,0,64214329
18/02/2021,278.27,0,277.95,0,0,64266897
17/02/2021,278.3,0,278.27,0,0,64341139
16/02/2021,277.48,0,278.3,0,0,64349320
15/02/2021,277.39,0,277.48,0,0,64158729
14/02/2021,277.5,0,277.39,0,0,64138642
11/02/2021,277.49,0,277.5,0,0,64163210
10/02/2021,277.4,0,277.49,0,0,64160207
09/02/2021,277.18,0,277.4,0,0,64139351
08/02/2021,277.14,0,277.18,0,0,64090527
07/02/2021,277.25,0,277.14,0,0,64080640
04/02/2021,277,0,277.25,0,0,64106706
03/02/2021,276.9,0,277,0,0,64047665
02/02/2021,277.04,0,276.9,0,0,64024465
01/02/2021,277.13,0,277.04,0,0,64057290
31/01/2021,277.31,0,277.13,0,0,64077664
28/01/2021,277.73,0,277.31,0,0,64118563
27/01/2021,277.58,0,277.73,0,0,63834169
26/01/2021,277.58,0,277.58,0,0,62434695
25/01/2021,277.22,0,277.58,0,0,62433942
24/01/2021,277.17,0,277.22,0,0,62353424
21/01/2021,277.63,0,277.17,0,0,62342315
20/01/2021,277.77,0,277.63,0,0,62445601
19/01/2021,277.33,0,277.77,0,0,62477145
18/01/2021,277.11,0,277.33,0,0,62377181
17/01/2021,277.18,0,277.11,0,0,62328423
14/01/2021,276.5,0,277.18,0,0,62345086
13/01/2021,276.4,0,276.5,0,0,62162586
12/01/2021,276.01,0,276.4,0,0,62056146
11/01/2021,276.04,0,276.01,0,0,61968636
10/01/2021,276.04,0,276.04,0,0,61974784
07/01/2021,276.36,0,276.04,0,0,61975026
06/01/2021,276.18,0,276.36,0,0,62047391
05/01/2021,275.87,0,276.18,0,0,62005768
04/01/2021,275.42,0,275.87,0,0,61936720
03/01/2021,275.71,0,275.42,0,0,61835073
31/12/2020,275.69,0,275.71,0,0,61901098
30/12/2020,275.61,0,275.69,0,0,61895401
29/12/2020,275.48,0,275.61,0,0,61877972
28/12/2020,275.14,0,275.48,0,0,61848273
27/12/2020,274.86,0,275.14,0,0,61773033
24/12/2020,274.67,0,274.86,0,0,61710341
23/12/2020,274.74,0,274.67,0,0,61666661
22/12/2020,274.29,0,274.74,0,0,61683943
21/12/2020,274.57,0,274.29,0,0,61582017
20/12/2020,274.49,0,274.57,0,0,61645048
17/12/2020,274.32,0,274.49,0,0,61627844
16/12/2020,274.38,0,274.32,0,0,61510070
15/12/2020,274.12,0,274.38,0,0,61276429
14/12/2020,273.65,0,274.12,0,0,61217351
13/12/2020,273.47,0,273.65,0,0,61112227
10/12/2020,273.38,0,273.47,0,0,61071958
09/12/2020,273.3,0,273.38,0,0,61052021
08/12/2020,273.62,0,273.3,0,0,61035609
07/12/2020,273.72,0,273.62,0,0,61105326
06/12/2020,273.88,0,273.72,0,0,61127785
03/12/2020,273.94,0,273.88,0,0,61164406
02/12/2020,273.94,0,273.94,0,0,61177232
01/12/2020,274.21,0,273.94,0,0,61177872
30/11/2020,274.4,0,274.21,0,0,61237102
29/11/2020,274.31,0,274.4,0,0,61280380
26/11/2020,273.94,0,274.31,0,0,61259714
25/11/2020,273.68,0,273.94,0,0,61171768
24/11/2020,273.36,0,273.68,0,0,61088649
23/11/2020,273.23,0,273.36,0,0,61016973
22/11/2020,273.36,0,273.23,0,0,60988778
19/11/2020,273.05,0,273.36,0,0,61018422
18/11/2020,272.89,0,273.05,0,0,60949220
17/11/2020,272.8,0,272.89,0,0,60913281
16/11/2020,272.11,0,272.8,0,0,60892341
15/11/2020,272.32,0,272.11,0,0,60738680
12/11/2020,272.22,0,272.32,0,0,60784694
11/11/2020,272.02,0,272.22,0,0,60748212
10/11/2020,271.25,0,272.02,0,0,60660130
09/11/2020,270.71,0,271.25,0,0,60488294
08/11/2020,270.54,0,270.71,0,0,60367895
05/11/2020,270.65,0,270.54,0,0,60329967
04/11/2020,270.18,0,270.65,0,0,60353464
03/11/2020,270.32,0,270.18,0,0,60248545
02/11/2020,270.46,0,270.32,0,0,60281003
01/11/2020,270.18,0,270.46,0,0,60311952
29/10/2020,270.76,0,270.18,0,0,60249093
28/10/2020,271.1,0,270.76,0,0,37000687
27/10/2020,271.25,0,271.1,0,0,37034586
26/10/2020,271.41,0,271.25,0,0,37055465
25/10/2020,271.59,0,271.41,0,0,37076083
22/10/2020,271.86,0,271.59,0,0,37101855
21/10/2020,271.94,0,271.86,0,0,37138784
20/10/2020,271.95,0,271.94,0,0,37149028
19/10/2020,272.28,0,271.95,0,0,37150789
18/10/2020,271.58,0,272.28,0,0,37196005
15/10/2020,271.37,0,271.58,0,0,37100093
14/10/2020,271.39,0,271.37,0,0,37071124
13/10/2020,271.11,0,271.39,0,0,37073930
12/10/2020,271.36,0,271.11,0,0,37035435
11/10/2020,271.2,0,271.36,0,0,37069689
08/10/2020,271.06,0,271.2,0,0,37048484
07/10/2020,271.15,0,271.06,0,0,37028714
06/10/2020,270.94,0,271.15,0,0,37040720
05/10/2020,271.06,0,270.94,0,0,37012468
04/10/2020,270.87,0,271.06,0,0,37029432
01/10/2020,270.7,0,270.87,0,0,37002747
30/09/2020,271.35,0,270.7,0,0,36979585
29/09/2020,271.17,0,271.35,0,0,37068971
24/09/2020,271.56,0,271.17,0,0,55607380
23/09/2020,272.19,0,271.56,0,0,55687006
22/09/2020,272.38,0,272.19,0,0,55748677
21/09/2020,272.8,0,272.38,0,0,55788061
17/09/2020,272.81,0,272.8,0,0,55874043
16/09/2020,273.07,0,272.81,0,0,56678836
15/09/2020,272.78,0,273.07,0,0,56733252
14/09/2020,272.65,0,272.78,0,0,56671333
13/09/2020,272.9,0,272.65,0,0,56644760
10/09/2020,273.51,0,272.9,0,0,56697943
09/09/2020,273.21,0,273.51,0,0,56718172
08/09/2020,273.5,0,273.21,0,0,56330829
07/09/2020,273.43,0,273.5,0,0,56389605
06/09/2020,273.69,0,273.43,0,0,56375875
03/09/2020,274.12,0,273.69,0,0,56429032
02/09/2020,274.02,0,274.12,0,0,56517678
01/09/2020,274.2,0,274.02,0,0,56497660
31/08/2020,273.93,0,274.2,0,0,56535101
30/08/2020,273.75,0,273.93,0,0,56480090
27/08/2020,273.9,0,273.75,0,0,56442119
26/08/2020,273.97,0,273.9,0,0,56473313
25/08/2020,273.86,0,273.97,0,0,56486817
24/08/2020,273.56,0,273.86,0,0,56464874
23/08/2020,273.29,0,273.56,0,0,56402068
20/08/2020,273.34,0,273.29,0,0,56346709
19/08/2020,273.51,0,273.34,0,0,56356768
18/08/2020,273.86,0,273.51,0,0,56392666
17/08/2020,273.83,0,273.86,0,0,56465582
16/08/2020,272.92,0,273.83,0,0,56457703
13/08/2020,272.84,0,272.92,0,0,56271639
12/08/2020,272.12,0,272.84,0,0,56255475
11/08/2020,271.89,0,272.12,0,0,56105055
10/08/2020,271.74,0,271.89,0,0,56057911
09/08/2020,271.77,0,271.74,0,0,56026746
06/08/2020,271.53,0,271.77,0,0,56034398
05/08/2020,271.35,0,271.53,0,0,55823975
04/08/2020,271.29,0,271.35,0,0,55317551
03/08/2020,271.68,0,271.29,0,0,55305671
02/08/2020,271.67,0,271.68,0,0,55385915
29/07/2020,271.5,0,271.67,0,0,55383744
28/07/2020,271.2,0,271.5,0,0,55348330
27/07/2020,271.2,0,271.2,0,0,55288228
26/07/2020,271.18,0,271.2,0,0,55287011
23/07/2020,271.11,0,271.18,0,0,55284097
22/07/2020,270.97,0,271.11,0,0,55216145
21/07/2020,270.88,0,270.97,0,0,55033594
20/07/2020,270.72,0,270.88,0,0,55015240
19/07/2020,270.97,0,270.72,0,0,54982827
16/07/2020,271.11,0,270.97,0,0,55033390
15/07/2020,271.01,0,271.11,0,0,55061736
14/07/2020,271.26,0,271.01,0,0,55642848
13/07/2020,271.54,0,271.26,0,0,55694508
12/07/2020,271.21,0,271.54,0,0,55751842
09/07/2020,271.23,0,271.21,0,0,55683497
08/07/2020,271.42,0,271.23,0,0,55688290
07/07/2020,271.68,0,271.42,0,0,54904519
06/07/2020,272.02,0,271.68,0,0,54957233
05/07/2020,272.3,0,272.02,0,0,55025800
02/07/2020,272.25,0,272.3,0,0,55081978
01/07/2020,272.35,0,272.25,0,0,55070773
30/06/2020,271.8,0,272.35,0,0,55092646
29/06/2020,272.03,0,271.8,0,0,54979678
28/06/2020,273.15,0,272.03,0,0,55027217
25/06/2020,273.51,0,273.15,0,0,55252868
24/06/2020,273.74,0,273.51,0,0,55327276
23/06/2020,273.84,0,273.74,0,0,55372470
22/06/2020,274.12,0,273.84,0,0,55392495
21/06/2020,274.23,0,274.12,0,0,55448927
18/06/2020,274.83,0,274.23,0,0,55471085
17/06/2020,274.86,0,274.83,0,0,55593665
16/06/2020,275.82,0,274.86,0,0,55598787
15/06/2020,276.11,0,275.82,0,0,55794148
14/06/2020,276.44,0,276.11,0,0,55851689
11/06/2020,276.49,0,276.44,0,0,55918112
10/06/2020,276.3,0,276.49,0,0,55929888
09/06/2020,275.93,0,276.3,0,0,55890513
08/06/2020,275.95,0,275.93,0,0,55816285
04/06/2020,275.5,0,275.95,0,0,55818968
03/06/2020,275.26,0,275.5,0,0,55728358
02/06/2020,275.54,0,275.26,0,0,55680852
01/06/2020,275.66,0,275.54,0,0,55735984
31/05/2020,276,0,275.66,0,0,55760445
27/05/2020,276.48,0,276,0,0,55830449
26/05/2020,276.57,0,276.48,0,0,55926487
25/05/2020,276.17,0,276.57,0,0,55945023
24/05/2020,275.61,0,276.17,0,0,55864774
21/05/2020,274.91,0,275.61,0,0,55751109
20/05/2020,274.48,0,274.91,0,0,55546815
19/05/2020,273.89,0,274.48,0,0,55282550
18/05/2020,273.24,0,273.89,0,0,55163699
17/05/2020,272.11,0,273.24,0,0,55033134
14/05/2020,272.46,0,272.11,0,0,54805877
13/05/2020,272.59,0,272.46,0,0,54876303
12/05/2020,272.54,0,272.59,0,0,54901957
11/05/2020,272.35,0,272.54,0,0,54891945
10/05/2020,271.89,0,272.35,0,0,54854007
07/05/2020,271.56,0,271.89,0,0,54761898
06/05/2020,271.41,0,271.56,0,0,54662697
05/05/2020,271.19,0,271.41,0,0,54525161
04/05/2020,271.61,0,271.19,0,0,54480459
03/05/2020,272.27,0,271.61,0,0,54565120
30/04/2020,272.46,0,272.27,0,0,54697199
27/04/2020,272.15,0,272.46,0,0,54735126
26/04/2020,271.98,0,272.15,0,0,54673851
23/04/2020,272.35,0,271.98,0,0,54638567
22/04/2020,272.6,0,272.35,0,0,54713238
21/04/2020,273.43,0,272.6,0,0,54764514
20/04/2020,273.24,0,273.43,0,0,54930555
19/04/2020,272.94,0,273.24,0,0,54891589
16/04/2020,272.22,0,272.94,0,0,54833052
13/04/2020,272.16,0,272.22,0,0,54687613
12/04/2020,271.67,0,272.16,0,0,54675768
07/04/2020,271.59,0,271.67,0,0,54577520
06/04/2020,269.56,0,271.59,0,0,54560355
05/04/2020,269.22,0,269.56,0,0,54153450
02/04/2020,269.11,0,269.22,0,0,54085000
01/04/2020,269.44,0,269.11,0,0,54062618
31/03/2020,268.59,0,269.44,0,0,54128507
30/03/2020,269.27,0,268.59,0,0,53958084
29/03/2020,270.5,0,269.27,0,0,54095407
26/03/2020,268.88,0,270.5,0,0,54341728
25/03/2020,267.73,0,268.88,0,0,54015666
24/03/2020,265.38,0,267.73,0,0,53785925
23/03/2020,260.96,0,265.38,0,0,53313513
22/03/2020,261.47,0,260.96,0,0,52425496
19/03/2020,261.61,0,261.47,0,0,52528415
18/03/2020,263.96,0,261.61,0,0,52555262
17/03/2020,265.52,0,263.96,0,0,53028018
16/03/2020,267.35,0,265.52,0,0,53341429
15/03/2020,267.24,0,267.35,0,0,53708580
12/03/2020,270.69,0,267.24,0,0,53687060
11/03/2020,271.67,0,270.69,0,0,54379116
09/03/2020,274.65,0,271.67,0,0,54576470
08/03/2020,277.25,0,274.65,0,0,55174842
05/03/2020,277.89,0,277.25,0,0,55698531
04/03/2020,278.46,0,277.89,0,0,55825794
03/03/2020,278.56,0,278.46,0,0,55941717
01/03/2020,279.04,0,278.56,0,0,55961655
27/02/2020,279.26,0,279.04,0,0,56056461
26/02/2020,279.22,0,279.26,0,0,56101910
25/02/2020,279.05,0,279.22,0,0,56094555
24/02/2020,279.57,0,279.05,0,0,56059412
23/02/2020,279.9,0,279.57,0,0,56163774
20/02/2020,279.89,0,279.9,0,0,56231063
19/02/2020,279.98,0,279.89,0,0,56229104
18/02/2020,280.1,0,279.98,0,0,56246193
17/02/2020,280.17,0,280.1,0,0,56270506
16/02/2020,280.36,0,280.17,0,0,56284971
13/02/2020,280.26,0,280.36,0,0,56323253
12/02/2020,280.1,0,280.26,0,0,56302829
11/02/2020,280.03,0,280.1,0,0,56270056
10/02/2020,280.14,0,280.03,0,0,56257061
09/02/2020,280.23,0,280.14,0,0,56277889
06/02/2020,280.09,0,280.23,0,0,56297020
05/02/2020,279.87,0,280.09,0,0,56267487
04/02/2020,279.73,0,279.87,0,0,56223284
03/02/2020,279.6,0,279.73,0,0,56196132
02/02/2020,279.86,0,279.6,0,0,56169261
30/01/2020,279.88,0,279.86,0,0,56222957
29/01/2020,279.65,0,279.88,0,0,56226293
28/01/2020,279.6,0,279.65,0,0,56179840
27/01/2020,279.82,0,279.6,0,0,56169834
26/01/2020,280,0,279.82,0,0,56213578
23/01/2020,280.18,0,280,0,0,56249556
22/01/2020,280.29,0,280.18,0,0,56286656
21/01/2020,280.45,0,280.29,0,0,56308777
20/01/2020,280.44,0,280.45,0,0,56340369
19/01/2020,280.61,0,280.44,0,0,56338195
16/01/2020,280.55,0,280.61,0,0,56373142
15/01/2020,280.49,0,280.55,0,0,56360054
14/01/2020,280.41,0,280.49,0,0,56349363
13/01/2020,280.42,0,280.41,0,0,56331890
12/01/2020,280.56,0,280.42,0,0,56334213
09/01/2020,281,0,280.56,0,0,56362397
08/01/2020,281.09,0,281,0,0,56450158
07/01/2020,281.08,0,281.09,0,0,56468474
06/01/2020,280.95,0,281.08,0,0,56466808
05/01/2020,280.18,0,280.95,0,0,56440875
02/01/2020,279.9,0,280.18,0,0,56286648
01/01/2020,279.74,0,279.9,0,0,56229186
